[
    {
        "%vlocity_namespace%__DomainObjectAPIName__c": "Contact",
        "%vlocity_namespace%__DomainObjectCreationOrder__c": 1,
        "%vlocity_namespace%__DomainObjectFieldAPIName__c": "%vlocity_namespace%__Status__c",
        "%vlocity_namespace%__InterfaceFieldAPIName__c": "Step 2 Verify Caller:Customer Snapshot Block:ContactStatus",
        "%vlocity_namespace%__InterfaceObjectName__c": "json",
        "%vlocity_namespace%__IsDisabled__c": false,
        "%vlocity_namespace%__IsRequiredForUpsert__c": false,
        "%vlocity_namespace%__LinkCreatedIndex__c": 0,
        "%vlocity_namespace%__MapId__c": "TRNGContactUpsertCustom9712",
        "%vlocity_namespace%__UpsertKey__c": false,
        "Name": "TRNGContactUpsert",
        "VlocityDataPackType": "SObject",
        "VlocityRecordSObjectType": "%vlocity_namespace%__DRMapItem__c"
    },
    {
        "%vlocity_namespace%__DomainObjectAPIName__c": "Contact",
        "%vlocity_namespace%__DomainObjectCreationOrder__c": 1,
        "%vlocity_namespace%__DomainObjectFieldAPIName__c": "CommunicationPreference__c",
        "%vlocity_namespace%__InterfaceFieldAPIName__c": "Step 4 Success BRANCH 2:CommunicationPreference",
        "%vlocity_namespace%__InterfaceObjectName__c": "json",
        "%vlocity_namespace%__IsDisabled__c": false,
        "%vlocity_namespace%__IsRequiredForUpsert__c": false,
        "%vlocity_namespace%__LinkCreatedIndex__c": 0,
        "%vlocity_namespace%__MapId__c": "TRNGContactUpsertCustom7925",
        "%vlocity_namespace%__UpsertKey__c": false,
        "Name": "TRNGContactUpsert",
        "VlocityDataPackType": "SObject",
        "VlocityRecordSObjectType": "%vlocity_namespace%__DRMapItem__c"
    },
    {
        "%vlocity_namespace%__DomainObjectAPIName__c": "Contact",
        "%vlocity_namespace%__DomainObjectCreationOrder__c": 1,
        "%vlocity_namespace%__DomainObjectFieldAPIName__c": "Email",
        "%vlocity_namespace%__InterfaceFieldAPIName__c": "Step 2 Verify Caller:Customer Snapshot Block:Email",
        "%vlocity_namespace%__InterfaceObjectName__c": "json",
        "%vlocity_namespace%__IsDisabled__c": false,
        "%vlocity_namespace%__IsRequiredForUpsert__c": false,
        "%vlocity_namespace%__LinkCreatedIndex__c": 0,
        "%vlocity_namespace%__MapId__c": "TRNGContactUpsertCustom7812",
        "%vlocity_namespace%__UpsertKey__c": false,
        "Name": "TRNGContactUpsert",
        "VlocityDataPackType": "SObject",
        "VlocityRecordSObjectType": "%vlocity_namespace%__DRMapItem__c"
    },
    {
        "%vlocity_namespace%__DomainObjectAPIName__c": "Contact",
        "%vlocity_namespace%__DomainObjectCreationOrder__c": 1,
        "%vlocity_namespace%__DomainObjectFieldAPIName__c": "Id",
        "%vlocity_namespace%__InterfaceFieldAPIName__c": "ContactId",
        "%vlocity_namespace%__InterfaceObjectName__c": "json",
        "%vlocity_namespace%__IsDisabled__c": false,
        "%vlocity_namespace%__IsRequiredForUpsert__c": false,
        "%vlocity_namespace%__LinkCreatedIndex__c": 0,
        "%vlocity_namespace%__LookupDomainObjectFieldName__c": "Id",
        "%vlocity_namespace%__LookupDomainObjectName__c": "Contact",
        "%vlocity_namespace%__LookupDomainObjectRequestedFieldName__c": "Id",
        "%vlocity_namespace%__MapId__c": "TRNGContactUpsertCustom5987",
        "%vlocity_namespace%__UpsertKey__c": true,
        "Name": "TRNGContactUpsert",
        "VlocityDataPackType": "SObject",
        "VlocityRecordSObjectType": "%vlocity_namespace%__DRMapItem__c"
    },
    {
        "%vlocity_namespace%__DomainObjectAPIName__c": "Contact",
        "%vlocity_namespace%__DomainObjectCreationOrder__c": 1,
        "%vlocity_namespace%__DomainObjectFieldAPIName__c": "MobilePhone",
        "%vlocity_namespace%__InterfaceFieldAPIName__c": "Step 2 Verify Caller:Customer Snapshot Block:MobilePhone",
        "%vlocity_namespace%__InterfaceObjectName__c": "json",
        "%vlocity_namespace%__IsDisabled__c": false,
        "%vlocity_namespace%__IsRequiredForUpsert__c": false,
        "%vlocity_namespace%__LinkCreatedIndex__c": 0,
        "%vlocity_namespace%__MapId__c": "TRNGContactUpsertCustom6343",
        "%vlocity_namespace%__UpsertKey__c": false,
        "Name": "TRNGContactUpsert",
        "VlocityDataPackType": "SObject",
        "VlocityRecordSObjectType": "%vlocity_namespace%__DRMapItem__c"
    },
    {
        "%vlocity_namespace%__DomainObjectAPIName__c": "Contact",
        "%vlocity_namespace%__DomainObjectCreationOrder__c": 1,
        "%vlocity_namespace%__DomainObjectFieldAPIName__c": "Phone",
        "%vlocity_namespace%__InterfaceFieldAPIName__c": "Step 2 Verify Caller:Customer Snapshot Block:Phone",
        "%vlocity_namespace%__InterfaceObjectName__c": "json",
        "%vlocity_namespace%__IsDisabled__c": false,
        "%vlocity_namespace%__IsRequiredForUpsert__c": false,
        "%vlocity_namespace%__LinkCreatedIndex__c": 0,
        "%vlocity_namespace%__MapId__c": "TRNGContactUpsertCustom692",
        "%vlocity_namespace%__UpsertKey__c": false,
        "Name": "TRNGContactUpsert",
        "VlocityDataPackType": "SObject",
        "VlocityRecordSObjectType": "%vlocity_namespace%__DRMapItem__c"
    }
]