{
    "ContextId": "0010b00002DPAB3AAP",
    "OldAsset": {
        "FullPrice": 95000,
        "Id": "02i0b00000uz76vAAA",
        "Name": "2016-2017 Class of Service",
        "ProductCode": "MIS-CoS",
        "ProductDescription": "This product guarantees a level of service per SLA contract specifications.",
        "ProductImage": "00P0b00000tkPF3",
        "ProductName": "Class of Service"
    },
    "ServiceProduct": [
        {
            "ProductCode": "SP1",
            "ProductDescription": "For Clients that need to see what Road Runner can do without several key features. The low willingness to pay option.",
            "ProductId": "01t0b00000DWuKdAAL",
            "ProductImage": "0150b000002jNtz",
            "ProductName": "Limited Service Plan",
            "ProductUnitPrice": 100000
        },
        {
            "ProductCode": "SP2",
            "ProductDescription": "This is Roadrunner's signature service offering.",
            "ProductId": "01t0b00000DWuKeAAL",
            "ProductImage": "0150b000002jNu0",
            "ProductName": "Basic Service Plan",
            "ProductUnitPrice": 120000
        },
        {
            "ProductCode": "SP3",
            "ProductDescription": "Road Runner's signature service plus one of our most popular added features.",
            "ProductId": "01t0b00000DWuKfAAL",
            "ProductImage": "0150b000002jNu1",
            "ProductName": "Extended Service Plan",
            "ProductUnitPrice": 150000
        },
        {
            "ProductCode": "SP4",
            "ProductDescription": "Road Runner's signature service plus our top three added features.",
            "ProductId": "01t0b00000DWuKgAAL",
            "ProductImage": "0150b000002jNu2",
            "ProductName": "Platinum Service Plan",
            "ProductUnitPrice": 175000
        },
        {
            "ProductCode": "SP5",
            "ProductDescription": "Everything Road Runner has to offer. Our signature service plus all our added features.",
            "ProductId": "01t0b00000DWuKhAAL",
            "ProductImage": "0150b000002jNu3",
            "ProductName": "Premium Service Plan",
            "ProductUnitPrice": 200000
        },
        {
            "ProductCode": "SP6-CoS",
            "ProductDescription": "Custom service with new features tailored to client needs. This product guarantees a level of service per SLA contract specifications.",
            "ProductId": "01t0b00000DWuKiAAL",
            "ProductImage": "0150b000002jNty",
            "ProductName": "Class of Service",
            "ProductUnitPrice": 250000
        }
    ],
    "StepPriceInputs": {
        "NumberOfEmployees": 800,
        "ZIP": "10044"
    },
    "id": "a0g0b000004nlFcAAI",
    "layout": "lightning",
    "timeStamp": "2018-09-14T18:12:56.320Z",
    "userCurrencyCode": "USD",
    "userId": "0050b000004W2tVAAS",
    "userName": "student1729@ins.edu",
    "userProfile": "System Administrator",
    "userTimeZone": -420,
    "vlcPersistentComponent": {
    },
    "vlcTimeTracking": {
        "DRGetOldAssets": 561,
        "DRGetServiceProducts": 618,
        "OmniScriptSessionToken": "b532f78d-7436-4862-a08c-d14fce1cdd67",
        "Set Values": 62,
        "StepPriceInputs": 54299
    }
}