[
    {
        "%vlocity_namespace%__CalculationMatrixId__c": {
            "Name": "Zip_CBSA",
            "VlocityDataPackType": "VlocityLookupMatchingKeyObject",
            "VlocityLookupRecordSourceKey": "%vlocity_namespace%__CalculationMatrix__c/Zip_CBSA",
            "VlocityRecordSObjectType": "%vlocity_namespace%__CalculationMatrix__c"
        },
        "%vlocity_namespace%__CalculationProcedureId__c": {
            "Name": "Zip_CBSA_Wage",
            "VlocityDataPackType": "VlocityMatchingKeyObject",
            "VlocityMatchingRecordSourceKey": "%vlocity_namespace%__CalculationProcedure__c/Zip_CBSA_Wage",
            "VlocityRecordSObjectType": "%vlocity_namespace%__CalculationProcedure__c"
        },
        "%vlocity_namespace%__CalculationProcedureVersionId__c": {
            "%vlocity_namespace%__CalculationProcedureId__r.Name": "Zip_CBSA_Wage",
            "%vlocity_namespace%__VersionNumber__c": 1,
            "VlocityDataPackType": "VlocityMatchingKeyObject",
            "VlocityMatchingRecordSourceKey": "%vlocity_namespace%__CalculationProcedureVersion__c/1/%vlocity_namespace%__CalculationProcedure__c/Zip_CBSA_Wage",
            "VlocityRecordSObjectType": "%vlocity_namespace%__CalculationProcedureVersion__c"
        },
        "%vlocity_namespace%__ConditionalInputDisplayData__c": "[]",
        "%vlocity_namespace%__Function__c": "Matrix Lookup",
        "%vlocity_namespace%__Input__c": "[{\"columnKey\":\"9eadc8\",\"dataType\":\"Text\",\"label\":null,\"listValues\":null,\"name\":\"ZIP\"}]",
        "%vlocity_namespace%__IsConditionalStep__c": false,
        "%vlocity_namespace%__IsIncludedInResult__c": false,
        "%vlocity_namespace%__OutputJSON__c": "[{\"columnKey\":\"e2dd44\",\"dataType\":\"Text\",\"label\":null,\"listValues\":null,\"name\":\"CBSA\"}]",
        "%vlocity_namespace%__OutputMappingJSON__c": "{\"CBSA\":\"Zip_CBSA__CBSA\"}",
        "%vlocity_namespace%__Sequence__c": 1,
        "VlocityDataPackType": "SObject",
        "VlocityRecordSObjectType": "%vlocity_namespace%__CalculationProcedureStep__c"
    },
    {
        "%vlocity_namespace%__CalculationMatrixId__c": {
            "Name": "CBSA_Wage",
            "VlocityDataPackType": "VlocityLookupMatchingKeyObject",
            "VlocityLookupRecordSourceKey": "%vlocity_namespace%__CalculationMatrix__c/CBSA_Wage",
            "VlocityRecordSObjectType": "%vlocity_namespace%__CalculationMatrix__c"
        },
        "%vlocity_namespace%__CalculationProcedureId__c": {
            "Name": "Zip_CBSA_Wage",
            "VlocityDataPackType": "VlocityMatchingKeyObject",
            "VlocityMatchingRecordSourceKey": "%vlocity_namespace%__CalculationProcedure__c/Zip_CBSA_Wage",
            "VlocityRecordSObjectType": "%vlocity_namespace%__CalculationProcedure__c"
        },
        "%vlocity_namespace%__CalculationProcedureVersionId__c": {
            "%vlocity_namespace%__CalculationProcedureId__r.Name": "Zip_CBSA_Wage",
            "%vlocity_namespace%__VersionNumber__c": 1,
            "VlocityDataPackType": "VlocityMatchingKeyObject",
            "VlocityMatchingRecordSourceKey": "%vlocity_namespace%__CalculationProcedureVersion__c/1/%vlocity_namespace%__CalculationProcedure__c/Zip_CBSA_Wage",
            "VlocityRecordSObjectType": "%vlocity_namespace%__CalculationProcedureVersion__c"
        },
        "%vlocity_namespace%__ConditionalInputDisplayData__c": "[]",
        "%vlocity_namespace%__Function__c": "Matrix Lookup",
        "%vlocity_namespace%__Input__c": "[{\"name\":\"CBSA\",\"listValues\":null,\"label\":null,\"dataType\":\"Text\",\"columnKey\":\"4dfabb\"}]",
        "%vlocity_namespace%__IsConditionalStep__c": false,
        "%vlocity_namespace%__IsIncludedInResult__c": false,
        "%vlocity_namespace%__OutputJSON__c": "[{\"name\":\"Area Name\",\"listValues\":null,\"label\":null,\"dataType\":\"Text\",\"columnKey\":\"45923a\"},{\"name\":\"Annual median wage\",\"listValues\":null,\"label\":null,\"dataType\":\"Currency\",\"columnKey\":\"758ffe\"},{\"name\":\"Annual 75th percentile wage\",\"listValues\":null,\"label\":null,\"dataType\":\"Currency\",\"columnKey\":\"692cef\"}]",
        "%vlocity_namespace%__OutputMappingJSON__c": "{\"Area Name\":\"CBSA_Wage__AreaName\",\"Annual median wage\":\"CBSA_Wage__Annualmedianwage\",\"Annual 75th percentile wage\":\"CBSA_Wage__Annual75thpercentilewage\"}",
        "%vlocity_namespace%__Sequence__c": 2,
        "VlocityDataPackType": "SObject",
        "VlocityRecordSObjectType": "%vlocity_namespace%__CalculationProcedureStep__c"
    },
    {
        "%vlocity_namespace%__CalculationMatrixId__c": {
            "Name": "EmployeeRange",
            "VlocityDataPackType": "VlocityLookupMatchingKeyObject",
            "VlocityLookupRecordSourceKey": "%vlocity_namespace%__CalculationMatrix__c/EmployeeRange",
            "VlocityRecordSObjectType": "%vlocity_namespace%__CalculationMatrix__c"
        },
        "%vlocity_namespace%__CalculationProcedureId__c": {
            "Name": "Zip_CBSA_Wage",
            "VlocityDataPackType": "VlocityMatchingKeyObject",
            "VlocityMatchingRecordSourceKey": "%vlocity_namespace%__CalculationProcedure__c/Zip_CBSA_Wage",
            "VlocityRecordSObjectType": "%vlocity_namespace%__CalculationProcedure__c"
        },
        "%vlocity_namespace%__CalculationProcedureVersionId__c": {
            "%vlocity_namespace%__CalculationProcedureId__r.Name": "Zip_CBSA_Wage",
            "%vlocity_namespace%__VersionNumber__c": 1,
            "VlocityDataPackType": "VlocityMatchingKeyObject",
            "VlocityMatchingRecordSourceKey": "%vlocity_namespace%__CalculationProcedureVersion__c/1/%vlocity_namespace%__CalculationProcedure__c/Zip_CBSA_Wage",
            "VlocityRecordSObjectType": "%vlocity_namespace%__CalculationProcedureVersion__c"
        },
        "%vlocity_namespace%__ConditionalInputDisplayData__c": "[]",
        "%vlocity_namespace%__Function__c": "Matrix Lookup",
        "%vlocity_namespace%__Input__c": "[{\"columnKey\":\"2bb0a\",\"dataType\":\"Number Range\",\"label\":null,\"listValues\":\"119,120,220,320,420,520,620,720,820,920,1020,1120,1220,1320,1420,1520,1620,1720,1820,1920,2020,2120,2220,2320,2420,2520,2620,2720,2820,2920,3020,3120,3220,3320,3420,3520,3620,3720,3820,3920,4020,4120,4220,4320,4420,4520,4620,4720,4820,4920,5020,5120,5220,5320,5420,5520,5620,5720,5820,5920,6020,6120,6220,6320,6420,6520,6620,6720,6820,6920,7020,7120,7220,7320,7420,7520,7620,7720,7820,7920,8020,8120,8220,8320,8420,8520,8620,8720,8820,8920,9020,9120,9220,9320,9420,9520,9620,9720,9820,9920,10020\",\"name\":\"NumberOfEmployees\"}]",
        "%vlocity_namespace%__IsConditionalStep__c": false,
        "%vlocity_namespace%__IsIncludedInResult__c": false,
        "%vlocity_namespace%__OutputJSON__c": "[{\"columnKey\":\"f9a727\",\"dataType\":\"Number\",\"label\":null,\"listValues\":null,\"name\":\"ServiceAgents\"}]",
        "%vlocity_namespace%__OutputMappingJSON__c": "{\"ServiceAgents\":\"EmployeeRange__ServiceAgents\"}",
        "%vlocity_namespace%__Sequence__c": 3,
        "VlocityDataPackType": "SObject",
        "VlocityRecordSObjectType": "%vlocity_namespace%__CalculationProcedureStep__c"
    },
    {
        "%vlocity_namespace%__CalculationFormulaLong__c": "CBSA_Wage__Annualmedianwage + ( CBSA_Wage__Annual75thpercentilewage - CBSA_Wage__Annualmedianwage ) / WageFactor",
        "%vlocity_namespace%__CalculationFormulaTags__c": "[{\"text\":\"Annual median wage ( CBSA_Wage )\",\"alias\":\"CBSA_Wage__Annualmedianwage\",\"userDefined\":false,\"dataType\":\"Currency\"},{\"text\":\"+\",\"alias\":\"+\"},{\"text\":\"(\",\"alias\":\"(\"},{\"text\":\"Annual 75th percentile wage ( CBSA_Wage )\",\"alias\":\"CBSA_Wage__Annual75thpercentilewage\",\"userDefined\":false,\"dataType\":\"Currency\"},{\"text\":\"-\",\"alias\":\"-\"},{\"text\":\"Annual median wage ( CBSA_Wage )\",\"alias\":\"CBSA_Wage__Annualmedianwage\",\"userDefined\":false,\"dataType\":\"Currency\"},{\"text\":\")\",\"alias\":\")\"},{\"text\":\"/\",\"alias\":\"/\"},{\"text\":\"WageFactor\",\"alias\":\"WageFactor\"}]",
        "%vlocity_namespace%__CalculationProcedureId__c": {
            "Name": "Zip_CBSA_Wage",
            "VlocityDataPackType": "VlocityMatchingKeyObject",
            "VlocityMatchingRecordSourceKey": "%vlocity_namespace%__CalculationProcedure__c/Zip_CBSA_Wage",
            "VlocityRecordSObjectType": "%vlocity_namespace%__CalculationProcedure__c"
        },
        "%vlocity_namespace%__CalculationProcedureVersionId__c": {
            "%vlocity_namespace%__CalculationProcedureId__r.Name": "Zip_CBSA_Wage",
            "%vlocity_namespace%__VersionNumber__c": 1,
            "VlocityDataPackType": "VlocityMatchingKeyObject",
            "VlocityMatchingRecordSourceKey": "%vlocity_namespace%__CalculationProcedureVersion__c/1/%vlocity_namespace%__CalculationProcedure__c/Zip_CBSA_Wage",
            "VlocityRecordSObjectType": "%vlocity_namespace%__CalculationProcedureVersion__c"
        },
        "%vlocity_namespace%__ConditionalInputDisplayData__c": "[]",
        "%vlocity_namespace%__Function__c": "Calculation",
        "%vlocity_namespace%__Input__c": "[]",
        "%vlocity_namespace%__IsConditionalStep__c": false,
        "%vlocity_namespace%__IsIncludedInResult__c": false,
        "%vlocity_namespace%__OutputJSON__c": "{\"name\":\"AdjAnnualWage\",\"dataType\":\"Currency\",\"alias\":\"AdjAnnualWage\"}",
        "%vlocity_namespace%__OutputMappingJSON__c": "{\"AdjAnnualWage\":\"AdjAnnualWage\"}",
        "%vlocity_namespace%__Sequence__c": 4,
        "VlocityDataPackType": "SObject",
        "VlocityRecordSObjectType": "%vlocity_namespace%__CalculationProcedureStep__c"
    },
    {
        "%vlocity_namespace%__CalculationFormulaLong__c": "BasePrice + ( EmployeeRange__ServiceAgents * AdjAnnualWage )",
        "%vlocity_namespace%__CalculationFormulaTags__c": "[{\"text\":\"BasePrice\",\"alias\":\"BasePrice\",\"userDefined\":true,\"dataType\":\"Currency\"},{\"text\":\"+\",\"alias\":\"+\"},{\"text\":\"(\",\"alias\":\"(\"},{\"text\":\"ServiceAgents ( EmployeeRange )\",\"alias\":\"EmployeeRange__ServiceAgents\",\"userDefined\":false,\"dataType\":\"Number\"},{\"text\":\"*\",\"alias\":\"*\"},{\"text\":\"AdjAnnualWage\",\"alias\":\"AdjAnnualWage\",\"userDefined\":true,\"dataType\":\"Currency\"},{\"text\":\")\",\"alias\":\")\"}]",
        "%vlocity_namespace%__CalculationProcedureId__c": {
            "Name": "Zip_CBSA_Wage",
            "VlocityDataPackType": "VlocityMatchingKeyObject",
            "VlocityMatchingRecordSourceKey": "%vlocity_namespace%__CalculationProcedure__c/Zip_CBSA_Wage",
            "VlocityRecordSObjectType": "%vlocity_namespace%__CalculationProcedure__c"
        },
        "%vlocity_namespace%__CalculationProcedureVersionId__c": {
            "%vlocity_namespace%__CalculationProcedureId__r.Name": "Zip_CBSA_Wage",
            "%vlocity_namespace%__VersionNumber__c": 1,
            "VlocityDataPackType": "VlocityMatchingKeyObject",
            "VlocityMatchingRecordSourceKey": "%vlocity_namespace%__CalculationProcedureVersion__c/1/%vlocity_namespace%__CalculationProcedure__c/Zip_CBSA_Wage",
            "VlocityRecordSObjectType": "%vlocity_namespace%__CalculationProcedureVersion__c"
        },
        "%vlocity_namespace%__ConditionalInputDisplayData__c": "[]",
        "%vlocity_namespace%__Function__c": "Calculation",
        "%vlocity_namespace%__Input__c": "[{\"name\":\"BasePrice\",\"dataType\":\"Currency\"},{\"name\":\"AdjAnnualWage\",\"dataType\":\"Currency\"}]",
        "%vlocity_namespace%__IsConditionalStep__c": false,
        "%vlocity_namespace%__IsIncludedInResult__c": true,
        "%vlocity_namespace%__OutputJSON__c": "{\"name\":\"FullPrice\",\"dataType\":\"Currency\",\"alias\":\"FullPrice\"}",
        "%vlocity_namespace%__OutputMappingJSON__c": "{\"FullPrice\":\"FullPrice\"}",
        "%vlocity_namespace%__Sequence__c": 5,
        "VlocityDataPackType": "SObject",
        "VlocityRecordSObjectType": "%vlocity_namespace%__CalculationProcedureStep__c"
    }
]