{
    "%vlocity_namespace%__ApplicableObject__c": "",
    "%vlocity_namespace%__CalculationProcedureId__c": {
        "Name": "Zip_CBSA_Wage",
        "VlocityDataPackType": "VlocityMatchingKeyObject",
        "VlocityMatchingRecordSourceKey": "%vlocity_namespace%__CalculationProcedure__c/Zip_CBSA_Wage",
        "VlocityRecordSObjectType": "%vlocity_namespace%__CalculationProcedure__c"
    },
    "%vlocity_namespace%__CalculationProcedureId__r.Name": "Zip_CBSA_Wage",
    "%vlocity_namespace%__CalculationProcedureStep__c": "Zip_CBSA_Wage_Version_Steps.json",
    "%vlocity_namespace%__CalculationProcedureVariable__c": "Zip_CBSA_Wage_Version_CalculationProcedureVariables.json",
    "%vlocity_namespace%__Constants__c": "[{\"name\":\"WageFactor\",\"value\":\"2\",\"dataType\":\"Number\",\"isEditable\":false,\"userDefined\":true,\"precision\":null,\"valuePlaceHolder\":\"Enter a Value\",\"alias\":\"WageFactor\"}]",
    "%vlocity_namespace%__CurrentStatus__c": "Active",
    "%vlocity_namespace%__EnableLooping__c": false,
    "%vlocity_namespace%__EndDateTime__c": "",
    "%vlocity_namespace%__InputBundleId__c": "",
    "%vlocity_namespace%__LastSimulationInput__c": "{\"BasePrice\":\"100000\",\"NumberOfEmployees\":\"800\",\"ZIP\":\"10044\"}",
    "%vlocity_namespace%__LoopingSpecification__c": "",
    "%vlocity_namespace%__OutputBundleId__c": "",
    "%vlocity_namespace%__PostProcessorClass__c": "",
    "%vlocity_namespace%__PreProcessorClass__c": "",
    "%vlocity_namespace%__Priority__c": 1,
    "%vlocity_namespace%__StartDateTime__c": "2018-09-14T16:25:43.000Z",
    "%vlocity_namespace%__Variables__c": "",
    "%vlocity_namespace%__VersionNumber__c": 1,
    "Name": "Zip_CBSA_Wage V1",
    "VlocityDataPackType": "SObject",
    "VlocityRecordSObjectType": "%vlocity_namespace%__CalculationProcedureVersion__c",
    "VlocityRecordSourceKey": "%vlocity_namespace%__CalculationProcedureVersion__c/1/%vlocity_namespace%__CalculationProcedure__c/Zip_CBSA_Wage"
}