{
    "AddressChange": {
        "AccountEmail": null,
        "AccountName": null,
        "AccountPhone": null,
        "TypeAheadBillingAddress-Block": {
            "TABillingCity": null,
            "TABillingCountry": "",
            "TABillingState": "CA",
            "TABillingStreet": "",
            "TABillingZip": "94128",
            "TypeAheadBillingAddress": "United States"
        },
        "TypeAheadMailingAddress-Block": {
            "MailingCity": null,
            "MailingCountry": null,
            "MailingState": null,
            "MailingStreet": null,
            "MailingZip": null,
            "TypeAheadMailingAddress": null
        },
        "UpdateBillingAddress": null,
        "UpdateMailingAddress": null,
        "billingMailingSame": null
    },
    "ContextId": null,
    "UpdateComplete": {
    }
}