{
    "%vlocity_namespace%__Active__c": true,
    "%vlocity_namespace%__Level__c": 1,
    "%vlocity_namespace%__OmniScriptId__c": {
        "Name": "New Product Price Quote",
        "VlocityDataPackType": "VlocityMatchingKeyObject",
        "VlocityMatchingRecordSourceKey": "%vlocity_namespace%__OmniScript__c/Customer Service/Guided Selling/English",
        "VlocityRecordSObjectType": "%vlocity_namespace%__OmniScript__c"
    },
    "%vlocity_namespace%__Order__c": 2,
    "%vlocity_namespace%__ParentElementId__c": {
        "%vlocity_namespace%__OmniScriptId__c": "%vlocity_namespace%__OmniScript__c/Customer Service/Guided Selling/English",
        "Name": "StepPriceInputs",
        "VlocityDataPackType": "VlocityMatchingKeyObject",
        "VlocityMatchingRecordSourceKey": "%vlocity_namespace%__Element__c/%vlocity_namespace%__OmniScript__c/Customer Service/Guided Selling/English/StepPriceInputs",
        "VlocityRecordSObjectType": "%vlocity_namespace%__Element__c"
    },
    "%vlocity_namespace%__ParentElementName__c": "StepPriceInputs",
    "%vlocity_namespace%__ParentElementType__c": "Step",
    "%vlocity_namespace%__PropertySet__c": {
        "HTMLTemplateId": "",
        "accessibleInFutureSteps": false,
        "conditionType": "Hide if False",
        "controlWidth": 3,
        "debounceValue": 0,
        "elementValueMap": {
        },
        "help": false,
        "helpText": "",
        "hide": false,
        "label": "Service Location Zip Code",
        "mask": "",
        "maxLength": 5,
        "message": {
        },
        "minLength": 5,
        "pattern": "",
        "ptrnErrText": "",
        "readOnly": false,
        "repeat": false,
        "repeatClone": false,
        "required": true,
        "show": null,
        "showPersistentComponent": [
            false,
            false
        ],
        "ssm": false,
        "validationRequired": "Step",
        "wpm": false
    },
    "%vlocity_namespace%__ReusableOmniScript__c": true,
    "%vlocity_namespace%__Type__c": "Text",
    "Name": "ZIP",
    "VlocityDataPackType": "SObject",
    "VlocityRecordSObjectType": "%vlocity_namespace%__Element__c",
    "VlocityRecordSourceKey": "%vlocity_namespace%__Element__c/%vlocity_namespace%__OmniScript__c/Customer Service/Guided Selling/English/ZIP"
}