{
    "%vlocity_namespace%__Active__c": true,
    "%vlocity_namespace%__Level__c": 1,
    "%vlocity_namespace%__OmniScriptId__c": {
        "Name": "XOM Thor Manual Task",
        "VlocityDataPackType": "VlocityMatchingKeyObject",
        "VlocityMatchingRecordSourceKey": "%vlocity_namespace%__OmniScript__c/ThorManualTask/ThorManualTaskUpdate/English",
        "VlocityRecordSObjectType": "%vlocity_namespace%__OmniScript__c"
    },
    "%vlocity_namespace%__Order__c": 7,
    "%vlocity_namespace%__ParentElementId__c": {
        "%vlocity_namespace%__OmniScriptId__c": "%vlocity_namespace%__OmniScript__c/ThorManualTask/ThorManualTaskUpdate/English",
        "Name": "Manual Queue Task",
        "VlocityDataPackType": "VlocityMatchingKeyObject",
        "VlocityMatchingRecordSourceKey": "%vlocity_namespace%__Element__c/%vlocity_namespace%__OmniScript__c/ThorManualTask/ThorManualTaskUpdate/English/Manual Queue Task",
        "VlocityRecordSObjectType": "%vlocity_namespace%__Element__c"
    },
    "%vlocity_namespace%__ParentElementName__c": "Manual Queue Task",
    "%vlocity_namespace%__ParentElementType__c": "Step",
    "%vlocity_namespace%__PropertySet__c": {
        "HTMLTemplateId": "",
        "consoleTabLabel": "New",
        "controlWidth": 2,
        "label": "Cancel",
        "message": {
        },
        "redirectPageName": "mobileDone",
        "redirectTemplateUrl": "vlcMobileConfirmation.html",
        "show": null,
        "source": "",
        "ssm": false,
        "type": "Redirect",
        "validationRequired": null,
        "wpm": false
    },
    "%vlocity_namespace%__ReusableOmniScript__c": false,
    "%vlocity_namespace%__Type__c": "Done Action",
    "Name": "Cancel",
    "VlocityDataPackType": "SObject",
    "VlocityRecordSObjectType": "%vlocity_namespace%__Element__c",
    "VlocityRecordSourceKey": "%vlocity_namespace%__Element__c/%vlocity_namespace%__OmniScript__c/ThorManualTask/ThorManualTaskUpdate/English/Cancel"
}