{
    "%vlocity_namespace%__Active__c": true,
    "%vlocity_namespace%__Level__c": 1,
    "%vlocity_namespace%__OmniScriptId__c": {
        "Name": "XOM Thor Manual Task",
        "VlocityDataPackType": "VlocityMatchingKeyObject",
        "VlocityMatchingRecordSourceKey": "%vlocity_namespace%__OmniScript__c/ThorManualTask/ThorManualTaskUpdate/English",
        "VlocityRecordSObjectType": "%vlocity_namespace%__OmniScript__c"
    },
    "%vlocity_namespace%__Order__c": 2,
    "%vlocity_namespace%__ParentElementId__c": {
        "%vlocity_namespace%__OmniScriptId__c": "%vlocity_namespace%__OmniScript__c/ThorManualTask/ThorManualTaskUpdate/English",
        "Name": "Manual Queue Task",
        "VlocityDataPackType": "VlocityMatchingKeyObject",
        "VlocityMatchingRecordSourceKey": "%vlocity_namespace%__Element__c/%vlocity_namespace%__OmniScript__c/ThorManualTask/ThorManualTaskUpdate/English/Manual Queue Task",
        "VlocityRecordSObjectType": "%vlocity_namespace%__Element__c"
    },
    "%vlocity_namespace%__ParentElementName__c": "Manual Queue Task",
    "%vlocity_namespace%__ParentElementType__c": "Step",
    "%vlocity_namespace%__PropertySet__c": {
        "HTMLTemplateId": "xom-manualqueue-task",
        "accessibleInFutureSteps": false,
        "dataJSON": true,
        "itemsKey": "recSet",
        "label": null,
        "maxCompareSize": 4,
        "modalConfigurationSetting": {
            "modalController": "ModalProductCtrl",
            "modalHTMLTemplateId": "vlcProductConfig.html",
            "modalSize": "lg"
        },
        "modalController": "ModalInstanceCtrl",
        "modalHTMLTemplateId": "vlcModalContent.html",
        "modalSize": "",
        "postTransformBundle": "",
        "preTransformBundle": "",
        "remoteClass": "",
        "remoteMethod": "",
        "remoteOptions": {
            "postTransformBundle": "",
            "preTransformBundle": ""
        },
        "remoteTimeout": 30000,
        "responseJSONNode": "",
        "responseJSONPath": "",
        "selectMode": "Single",
        "sendJSONNode": "",
        "sendJSONPath": "",
        "show": null
    },
    "%vlocity_namespace%__ReusableOmniScript__c": false,
    "%vlocity_namespace%__Type__c": "Selectable Items",
    "Name": "Task Details",
    "VlocityDataPackType": "SObject",
    "VlocityRecordSObjectType": "%vlocity_namespace%__Element__c",
    "VlocityRecordSourceKey": "%vlocity_namespace%__Element__c/%vlocity_namespace%__OmniScript__c/ThorManualTask/ThorManualTaskUpdate/English/Task Details"
}