{
    "%vlocity_namespace%__AdditionalInformation__c": "This OS used for XOM Manual Task Updates",
    "%vlocity_namespace%__Element__c": [
        "ThorManualTask_ThorManualTaskUpdate_English_Element_Cancel.json",
        "ThorManualTask_ThorManualTaskUpdate_English_Element_Complete-Knowledge-Message.json",
        "ThorManualTask_ThorManualTaskUpdate_English_Element_Complete.json",
        "ThorManualTask_ThorManualTaskUpdate_English_Element_CompleteFormula.json",
        "ThorManualTask_ThorManualTaskUpdate_English_Element_Get-Order-Details.json",
        "ThorManualTask_ThorManualTaskUpdate_English_Element_Get-Task-Details.json",
        "ThorManualTask_ThorManualTaskUpdate_English_Element_Manual-Queue-Task.json",
        "ThorManualTask_ThorManualTaskUpdate_English_Element_Retry.json",
        "ThorManualTask_ThorManualTaskUpdate_English_Element_RetryFormula.json",
        "ThorManualTask_ThorManualTaskUpdate_English_Element_Set-Value.json",
        "ThorManualTask_ThorManualTaskUpdate_English_Element_Task-Details.json",
        "ThorManualTask_ThorManualTaskUpdate_English_Element_Validation-Meg.json"
    ],
    "%vlocity_namespace%__IsActive__c": true,
    "%vlocity_namespace%__IsProcedure__c": false,
    "%vlocity_namespace%__IsReusable__c": false,
    "%vlocity_namespace%__Language__c": "English",
    "%vlocity_namespace%__PropertySet__c": "ThorManualTask_ThorManualTaskUpdate_English_PropertySet.json",
    "%vlocity_namespace%__SubType__c": "ThorManualTaskUpdate",
    "%vlocity_namespace%__Type__c": "ThorManualTask",
    "Name": "XOM Thor Manual Task",
    "VlocityDataPackType": "SObject",
    "VlocityRecordSObjectType": "%vlocity_namespace%__OmniScript__c",
    "VlocityRecordSourceKey": "%vlocity_namespace%__OmniScript__c/ThorManualTask/ThorManualTaskUpdate/English"
}