{
    "%vlocity_namespace%__Active__c": true,
    "%vlocity_namespace%__Level__c": 0,
    "%vlocity_namespace%__OmniScriptId__c": {
        "Name": "XOM Thor Manual Task",
        "VlocityDataPackType": "VlocityMatchingKeyObject",
        "VlocityMatchingRecordSourceKey": "%vlocity_namespace%__OmniScript__c/ThorManualTask/ThorManualTaskUpdate/English",
        "VlocityRecordSObjectType": "%vlocity_namespace%__OmniScript__c"
    },
    "%vlocity_namespace%__Order__c": 2,
    "%vlocity_namespace%__PropertySet__c": {
        "HTMLTemplateId": "",
        "controlWidth": 12,
        "extraPayload": {
        },
        "failureAbortLabel": "Cancel",
        "failureAbortMessage": "",
        "failureNextLabel": "Continue",
        "inProgressMessage": "In Progress",
        "label": "Get Order Details",
        "message": {
        },
        "namedCredential": "",
        "postMessage": "Done",
        "postTransformBundle": "",
        "preTransformBundle": "",
        "redirectNextLabel": "Next",
        "redirectNextWidth": 3,
        "redirectPageName": "",
        "redirectPreviousLabel": "Previous",
        "redirectPreviousWidth": 3,
        "redirectTemplateUrl": "vlcAcknowledge.html",
        "responseJSONNode": "showOrderDetails",
        "responseJSONPath": "",
        "restMethod": "GET",
        "restOptions": {
            "URIEncode": false,
            "cache": false,
            "headers": {
            },
            "params": {
            },
            "sendBody": true,
            "timeout": null,
            "withCredentials": true
        },
        "restPath": "%uiServicesUrl%/orderManagement/orderItems/%showtaskdetails:data:orderItemId%/view",
        "sendJSONNode": "",
        "sendJSONPath": "",
        "show": null,
        "showPersistentComponent": [
            false,
            false
        ],
        "ssm": false,
        "type": "Web",
        "validationRequired": "None",
        "wpm": false,
        "xmlPostTransformBundle": "",
        "xmlPreTransformBundle": ""
    },
    "%vlocity_namespace%__ReusableOmniScript__c": false,
    "%vlocity_namespace%__Type__c": "Rest Action",
    "Name": "Get Order Details",
    "VlocityDataPackType": "SObject",
    "VlocityRecordSObjectType": "%vlocity_namespace%__Element__c",
    "VlocityRecordSourceKey": "%vlocity_namespace%__Element__c/%vlocity_namespace%__OmniScript__c/ThorManualTask/ThorManualTaskUpdate/English/Get Order Details"
}