[
    {
        "%vlocity_namespace%__Alias__c": "AdjAnnualWage",
        "%vlocity_namespace%__CalculationProcedureVersionId__c": {
            "%vlocity_namespace%__CalculationProcedureId__r.Name": "Zip_CBSA_Wage",
            "%vlocity_namespace%__VersionNumber__c": 1,
            "VlocityDataPackType": "VlocityMatchingKeyObject",
            "VlocityMatchingRecordSourceKey": "%vlocity_namespace%__CalculationProcedureVersion__c/1/%vlocity_namespace%__CalculationProcedure__c/Zip_CBSA_Wage",
            "VlocityRecordSObjectType": "%vlocity_namespace%__CalculationProcedureVersion__c"
        },
        "%vlocity_namespace%__DataType__c": "Currency",
        "%vlocity_namespace%__DefaultValue__c": "",
        "%vlocity_namespace%__DuplicateAlias__c": false,
        "%vlocity_namespace%__Index__c": "",
        "%vlocity_namespace%__IsEditable__c": false,
        "%vlocity_namespace%__IsSelected__c": false,
        "%vlocity_namespace%__MatrixName__c": "",
        "%vlocity_namespace%__Precision__c": "",
        "%vlocity_namespace%__TypeaheadDisplayName__c": "",
        "%vlocity_namespace%__UserDefined__c": true,
        "Name": "AdjAnnualWage",
        "VlocityDataPackType": "SObject",
        "VlocityRecordSObjectType": "%vlocity_namespace%__CalculationProcedureVariable__c",
        "VlocityRecordSourceKey": "%vlocity_namespace%__CalculationProcedureVariable__c/AdjAnnualWage"
    },
    {
        "%vlocity_namespace%__Alias__c": "BasePrice",
        "%vlocity_namespace%__CalculationProcedureVersionId__c": {
            "%vlocity_namespace%__CalculationProcedureId__r.Name": "Zip_CBSA_Wage",
            "%vlocity_namespace%__VersionNumber__c": 1,
            "VlocityDataPackType": "VlocityMatchingKeyObject",
            "VlocityMatchingRecordSourceKey": "%vlocity_namespace%__CalculationProcedureVersion__c/1/%vlocity_namespace%__CalculationProcedure__c/Zip_CBSA_Wage",
            "VlocityRecordSObjectType": "%vlocity_namespace%__CalculationProcedureVersion__c"
        },
        "%vlocity_namespace%__DataType__c": "Currency",
        "%vlocity_namespace%__DefaultValue__c": "",
        "%vlocity_namespace%__DuplicateAlias__c": false,
        "%vlocity_namespace%__Index__c": "",
        "%vlocity_namespace%__IsEditable__c": false,
        "%vlocity_namespace%__IsSelected__c": false,
        "%vlocity_namespace%__MatrixName__c": "",
        "%vlocity_namespace%__Precision__c": "",
        "%vlocity_namespace%__TypeaheadDisplayName__c": "",
        "%vlocity_namespace%__UserDefined__c": true,
        "Name": "BasePrice",
        "VlocityDataPackType": "SObject",
        "VlocityRecordSObjectType": "%vlocity_namespace%__CalculationProcedureVariable__c",
        "VlocityRecordSourceKey": "%vlocity_namespace%__CalculationProcedureVariable__c/BasePrice"
    },
    {
        "%vlocity_namespace%__Alias__c": "CBSA_Wage__Annual75thpercentilewage",
        "%vlocity_namespace%__CalculationProcedureVersionId__c": {
            "%vlocity_namespace%__CalculationProcedureId__r.Name": "Zip_CBSA_Wage",
            "%vlocity_namespace%__VersionNumber__c": 1,
            "VlocityDataPackType": "VlocityMatchingKeyObject",
            "VlocityMatchingRecordSourceKey": "%vlocity_namespace%__CalculationProcedureVersion__c/1/%vlocity_namespace%__CalculationProcedure__c/Zip_CBSA_Wage",
            "VlocityRecordSObjectType": "%vlocity_namespace%__CalculationProcedureVersion__c"
        },
        "%vlocity_namespace%__DataType__c": "Currency",
        "%vlocity_namespace%__DefaultValue__c": "",
        "%vlocity_namespace%__DuplicateAlias__c": false,
        "%vlocity_namespace%__Index__c": 1,
        "%vlocity_namespace%__IsEditable__c": false,
        "%vlocity_namespace%__IsSelected__c": false,
        "%vlocity_namespace%__MatrixName__c": "CBSA_Wage",
        "%vlocity_namespace%__Precision__c": "",
        "%vlocity_namespace%__TypeaheadDisplayName__c": "Annual 75th percentile wage ( CBSA_Wage )",
        "%vlocity_namespace%__UserDefined__c": false,
        "Name": "Annual 75th percentile wage",
        "VlocityDataPackType": "SObject",
        "VlocityRecordSObjectType": "%vlocity_namespace%__CalculationProcedureVariable__c",
        "VlocityRecordSourceKey": "%vlocity_namespace%__CalculationProcedureVariable__c/Annual 75th percentile wage"
    },
    {
        "%vlocity_namespace%__Alias__c": "CBSA_Wage__Annualmedianwage",
        "%vlocity_namespace%__CalculationProcedureVersionId__c": {
            "%vlocity_namespace%__CalculationProcedureId__r.Name": "Zip_CBSA_Wage",
            "%vlocity_namespace%__VersionNumber__c": 1,
            "VlocityDataPackType": "VlocityMatchingKeyObject",
            "VlocityMatchingRecordSourceKey": "%vlocity_namespace%__CalculationProcedureVersion__c/1/%vlocity_namespace%__CalculationProcedure__c/Zip_CBSA_Wage",
            "VlocityRecordSObjectType": "%vlocity_namespace%__CalculationProcedureVersion__c"
        },
        "%vlocity_namespace%__DataType__c": "Currency",
        "%vlocity_namespace%__DefaultValue__c": "",
        "%vlocity_namespace%__DuplicateAlias__c": false,
        "%vlocity_namespace%__Index__c": 1,
        "%vlocity_namespace%__IsEditable__c": false,
        "%vlocity_namespace%__IsSelected__c": false,
        "%vlocity_namespace%__MatrixName__c": "CBSA_Wage",
        "%vlocity_namespace%__Precision__c": "",
        "%vlocity_namespace%__TypeaheadDisplayName__c": "Annual median wage ( CBSA_Wage )",
        "%vlocity_namespace%__UserDefined__c": false,
        "Name": "Annual median wage",
        "VlocityDataPackType": "SObject",
        "VlocityRecordSObjectType": "%vlocity_namespace%__CalculationProcedureVariable__c",
        "VlocityRecordSourceKey": "%vlocity_namespace%__CalculationProcedureVariable__c/Annual median wage"
    },
    {
        "%vlocity_namespace%__Alias__c": "CBSA_Wage__AreaName",
        "%vlocity_namespace%__CalculationProcedureVersionId__c": {
            "%vlocity_namespace%__CalculationProcedureId__r.Name": "Zip_CBSA_Wage",
            "%vlocity_namespace%__VersionNumber__c": 1,
            "VlocityDataPackType": "VlocityMatchingKeyObject",
            "VlocityMatchingRecordSourceKey": "%vlocity_namespace%__CalculationProcedureVersion__c/1/%vlocity_namespace%__CalculationProcedure__c/Zip_CBSA_Wage",
            "VlocityRecordSObjectType": "%vlocity_namespace%__CalculationProcedureVersion__c"
        },
        "%vlocity_namespace%__DataType__c": "Text",
        "%vlocity_namespace%__DefaultValue__c": "",
        "%vlocity_namespace%__DuplicateAlias__c": false,
        "%vlocity_namespace%__Index__c": 1,
        "%vlocity_namespace%__IsEditable__c": false,
        "%vlocity_namespace%__IsSelected__c": false,
        "%vlocity_namespace%__MatrixName__c": "CBSA_Wage",
        "%vlocity_namespace%__Precision__c": "",
        "%vlocity_namespace%__TypeaheadDisplayName__c": "Area Name ( CBSA_Wage )",
        "%vlocity_namespace%__UserDefined__c": false,
        "Name": "Area Name",
        "VlocityDataPackType": "SObject",
        "VlocityRecordSObjectType": "%vlocity_namespace%__CalculationProcedureVariable__c",
        "VlocityRecordSourceKey": "%vlocity_namespace%__CalculationProcedureVariable__c/Area Name"
    },
    {
        "%vlocity_namespace%__Alias__c": "EmployeeRange__ServiceAgents",
        "%vlocity_namespace%__CalculationProcedureVersionId__c": {
            "%vlocity_namespace%__CalculationProcedureId__r.Name": "Zip_CBSA_Wage",
            "%vlocity_namespace%__VersionNumber__c": 1,
            "VlocityDataPackType": "VlocityMatchingKeyObject",
            "VlocityMatchingRecordSourceKey": "%vlocity_namespace%__CalculationProcedureVersion__c/1/%vlocity_namespace%__CalculationProcedure__c/Zip_CBSA_Wage",
            "VlocityRecordSObjectType": "%vlocity_namespace%__CalculationProcedureVersion__c"
        },
        "%vlocity_namespace%__DataType__c": "Number",
        "%vlocity_namespace%__DefaultValue__c": "",
        "%vlocity_namespace%__DuplicateAlias__c": false,
        "%vlocity_namespace%__Index__c": 2,
        "%vlocity_namespace%__IsEditable__c": false,
        "%vlocity_namespace%__IsSelected__c": false,
        "%vlocity_namespace%__MatrixName__c": "EmployeeRange",
        "%vlocity_namespace%__Precision__c": "",
        "%vlocity_namespace%__TypeaheadDisplayName__c": "ServiceAgents ( EmployeeRange )",
        "%vlocity_namespace%__UserDefined__c": false,
        "Name": "ServiceAgents",
        "VlocityDataPackType": "SObject",
        "VlocityRecordSObjectType": "%vlocity_namespace%__CalculationProcedureVariable__c",
        "VlocityRecordSourceKey": "%vlocity_namespace%__CalculationProcedureVariable__c/ServiceAgents"
    },
    {
        "%vlocity_namespace%__Alias__c": "FullPrice",
        "%vlocity_namespace%__CalculationProcedureVersionId__c": {
            "%vlocity_namespace%__CalculationProcedureId__r.Name": "Zip_CBSA_Wage",
            "%vlocity_namespace%__VersionNumber__c": 1,
            "VlocityDataPackType": "VlocityMatchingKeyObject",
            "VlocityMatchingRecordSourceKey": "%vlocity_namespace%__CalculationProcedureVersion__c/1/%vlocity_namespace%__CalculationProcedure__c/Zip_CBSA_Wage",
            "VlocityRecordSObjectType": "%vlocity_namespace%__CalculationProcedureVersion__c"
        },
        "%vlocity_namespace%__DataType__c": "Currency",
        "%vlocity_namespace%__DefaultValue__c": "",
        "%vlocity_namespace%__DuplicateAlias__c": false,
        "%vlocity_namespace%__Index__c": "",
        "%vlocity_namespace%__IsEditable__c": false,
        "%vlocity_namespace%__IsSelected__c": false,
        "%vlocity_namespace%__MatrixName__c": "",
        "%vlocity_namespace%__Precision__c": "",
        "%vlocity_namespace%__TypeaheadDisplayName__c": "",
        "%vlocity_namespace%__UserDefined__c": true,
        "Name": "FullPrice",
        "VlocityDataPackType": "SObject",
        "VlocityRecordSObjectType": "%vlocity_namespace%__CalculationProcedureVariable__c",
        "VlocityRecordSourceKey": "%vlocity_namespace%__CalculationProcedureVariable__c/FullPrice"
    },
    {
        "%vlocity_namespace%__Alias__c": "NumberOfEmployees",
        "%vlocity_namespace%__CalculationProcedureVersionId__c": {
            "%vlocity_namespace%__CalculationProcedureId__r.Name": "Zip_CBSA_Wage",
            "%vlocity_namespace%__VersionNumber__c": 1,
            "VlocityDataPackType": "VlocityMatchingKeyObject",
            "VlocityMatchingRecordSourceKey": "%vlocity_namespace%__CalculationProcedureVersion__c/1/%vlocity_namespace%__CalculationProcedure__c/Zip_CBSA_Wage",
            "VlocityRecordSObjectType": "%vlocity_namespace%__CalculationProcedureVersion__c"
        },
        "%vlocity_namespace%__DataType__c": "Number Range",
        "%vlocity_namespace%__DefaultValue__c": "",
        "%vlocity_namespace%__DuplicateAlias__c": false,
        "%vlocity_namespace%__Index__c": 2,
        "%vlocity_namespace%__IsEditable__c": false,
        "%vlocity_namespace%__IsSelected__c": false,
        "%vlocity_namespace%__MatrixName__c": "EmployeeRange",
        "%vlocity_namespace%__Precision__c": "",
        "%vlocity_namespace%__TypeaheadDisplayName__c": "NumberOfEmployees",
        "%vlocity_namespace%__UserDefined__c": false,
        "Name": "NumberOfEmployees",
        "VlocityDataPackType": "SObject",
        "VlocityRecordSObjectType": "%vlocity_namespace%__CalculationProcedureVariable__c",
        "VlocityRecordSourceKey": "%vlocity_namespace%__CalculationProcedureVariable__c/NumberOfEmployees"
    },
    {
        "%vlocity_namespace%__Alias__c": "ZIP",
        "%vlocity_namespace%__CalculationProcedureVersionId__c": {
            "%vlocity_namespace%__CalculationProcedureId__r.Name": "Zip_CBSA_Wage",
            "%vlocity_namespace%__VersionNumber__c": 1,
            "VlocityDataPackType": "VlocityMatchingKeyObject",
            "VlocityMatchingRecordSourceKey": "%vlocity_namespace%__CalculationProcedureVersion__c/1/%vlocity_namespace%__CalculationProcedure__c/Zip_CBSA_Wage",
            "VlocityRecordSObjectType": "%vlocity_namespace%__CalculationProcedureVersion__c"
        },
        "%vlocity_namespace%__DataType__c": "Text",
        "%vlocity_namespace%__DefaultValue__c": "",
        "%vlocity_namespace%__DuplicateAlias__c": false,
        "%vlocity_namespace%__Index__c": 0,
        "%vlocity_namespace%__IsEditable__c": false,
        "%vlocity_namespace%__IsSelected__c": false,
        "%vlocity_namespace%__MatrixName__c": "Zip_CBSA",
        "%vlocity_namespace%__Precision__c": "",
        "%vlocity_namespace%__TypeaheadDisplayName__c": "ZIP",
        "%vlocity_namespace%__UserDefined__c": false,
        "Name": "ZIP",
        "VlocityDataPackType": "SObject",
        "VlocityRecordSObjectType": "%vlocity_namespace%__CalculationProcedureVariable__c",
        "VlocityRecordSourceKey": "%vlocity_namespace%__CalculationProcedureVariable__c/ZIP"
    },
    {
        "%vlocity_namespace%__Alias__c": "Zip_CBSA__CBSA",
        "%vlocity_namespace%__CalculationProcedureVersionId__c": {
            "%vlocity_namespace%__CalculationProcedureId__r.Name": "Zip_CBSA_Wage",
            "%vlocity_namespace%__VersionNumber__c": 1,
            "VlocityDataPackType": "VlocityMatchingKeyObject",
            "VlocityMatchingRecordSourceKey": "%vlocity_namespace%__CalculationProcedureVersion__c/1/%vlocity_namespace%__CalculationProcedure__c/Zip_CBSA_Wage",
            "VlocityRecordSObjectType": "%vlocity_namespace%__CalculationProcedureVersion__c"
        },
        "%vlocity_namespace%__DataType__c": "Text",
        "%vlocity_namespace%__DefaultValue__c": "",
        "%vlocity_namespace%__DuplicateAlias__c": false,
        "%vlocity_namespace%__Index__c": 0,
        "%vlocity_namespace%__IsEditable__c": false,
        "%vlocity_namespace%__IsSelected__c": false,
        "%vlocity_namespace%__MatrixName__c": "Zip_CBSA",
        "%vlocity_namespace%__Precision__c": "",
        "%vlocity_namespace%__TypeaheadDisplayName__c": "CBSA ( Zip_CBSA )",
        "%vlocity_namespace%__UserDefined__c": false,
        "Name": "CBSA",
        "VlocityDataPackType": "SObject",
        "VlocityRecordSObjectType": "%vlocity_namespace%__CalculationProcedureVariable__c",
        "VlocityRecordSourceKey": "%vlocity_namespace%__CalculationProcedureVariable__c/CBSA"
    }
]