{
    "%vlocity_namespace%__ActionClassName__c": "",
    "%vlocity_namespace%__CalculationProcedureVersion__c": "Zip_CBSA_Wage_Version.json",
    "%vlocity_namespace%__Description__c": "",
    "Name": "Zip_CBSA_Wage",
    "RecordTypeId": {
        "DeveloperName": "Declarative",
        "SobjectType": "%vlocity_namespace%__CalculationProcedure__c",
        "VlocityDataPackType": "VlocityLookupMatchingKeyObject",
        "VlocityLookupRecordSourceKey": "RecordType/%vlocity_namespace%__CalculationProcedure__c/Declarative",
        "VlocityRecordSObjectType": "RecordType"
    },
    "VlocityDataPackType": "SObject",
    "VlocityRecordSObjectType": "%vlocity_namespace%__CalculationProcedure__c",
    "VlocityRecordSourceKey": "%vlocity_namespace%__CalculationProcedure__c/Zip_CBSA_Wage"
}