{
    "%vlocity_namespace%__Active__c": true,
    "%vlocity_namespace%__Level__c": 2,
    "%vlocity_namespace%__OmniScriptId__c": {
        "Name": "Class Exercise",
        "VlocityDataPackType": "VlocityMatchingKeyObject",
        "VlocityMatchingRecordSourceKey": "%vlocity_namespace%__OmniScript__c/OmniScripts/Class Exercise/English",
        "VlocityRecordSObjectType": "%vlocity_namespace%__OmniScript__c"
    },
    "%vlocity_namespace%__Order__c": 4,
    "%vlocity_namespace%__ParentElementId__c": {
        "%vlocity_namespace%__OmniScriptId__c": "%vlocity_namespace%__OmniScript__c/OmniScripts/Class Exercise/English",
        "Name": "Address Info Block",
        "VlocityDataPackType": "VlocityMatchingKeyObject",
        "VlocityMatchingRecordSourceKey": "%vlocity_namespace%__Element__c/%vlocity_namespace%__OmniScript__c/OmniScripts/Class Exercise/English/Address Info Block",
        "VlocityRecordSObjectType": "%vlocity_namespace%__Element__c"
    },
    "%vlocity_namespace%__ParentElementName__c": "Address Info Block",
    "%vlocity_namespace%__ParentElementType__c": "Block",
    "%vlocity_namespace%__PropertySet__c": {
        "accessibleInFutureSteps": false,
        "conditionType": "Hide if False",
        "controlWidth": 4,
        "debounceValue": 0,
        "help": false,
        "helpText": "",
        "label": "Postal Code",
        "mask": "",
        "maxLength": 255,
        "minLength": 0,
        "pattern": "",
        "ptrnErrText": "",
        "readOnly": false,
        "repeat": false,
        "repeatClone": false,
        "required": false,
        "show": null
    },
    "%vlocity_namespace%__ReusableOmniScript__c": false,
    "%vlocity_namespace%__Type__c": "Text",
    "Name": "Postal Code",
    "VlocityDataPackType": "SObject",
    "VlocityRecordSObjectType": "%vlocity_namespace%__Element__c",
    "VlocityRecordSourceKey": "%vlocity_namespace%__Element__c/%vlocity_namespace%__OmniScript__c/OmniScripts/Class Exercise/English/Postal Code"
}