{
    "%vlocity_namespace%__Active__c": true,
    "%vlocity_namespace%__Level__c": 2,
    "%vlocity_namespace%__OmniScriptId__c": {
        "Name": "Class Exercise",
        "VlocityDataPackType": "VlocityMatchingKeyObject",
        "VlocityMatchingRecordSourceKey": "%vlocity_namespace%__OmniScript__c/OmniScripts/Class Exercise/English",
        "VlocityRecordSObjectType": "%vlocity_namespace%__OmniScript__c"
    },
    "%vlocity_namespace%__Order__c": 3,
    "%vlocity_namespace%__ParentElementId__c": {
        "%vlocity_namespace%__OmniScriptId__c": "%vlocity_namespace%__OmniScript__c/OmniScripts/Class Exercise/English",
        "Name": "Address Info Block",
        "VlocityDataPackType": "VlocityMatchingKeyObject",
        "VlocityMatchingRecordSourceKey": "%vlocity_namespace%__Element__c/%vlocity_namespace%__OmniScript__c/OmniScripts/Class Exercise/English/Address Info Block",
        "VlocityRecordSObjectType": "%vlocity_namespace%__Element__c"
    },
    "%vlocity_namespace%__ParentElementName__c": "Address Info Block",
    "%vlocity_namespace%__ParentElementType__c": "Block",
    "%vlocity_namespace%__PropertySet__c": {
        "accessibleInFutureSteps": false,
        "conditionType": "Hide if False",
        "controlWidth": 4,
        "controllingField": {
            "element": "",
            "source": "",
            "type": ""
        },
        "help": false,
        "label": "State",
        "optionSource": {
            "source": "",
            "type": ""
        },
        "options": [
            {
                "name": "TX",
                "value": "Texas"
            },
            {
                "name": "CO",
                "value": "Colorado"
            },
            {
                "name": "CA",
                "value": "California"
            },
            {
                "name": "IL",
                "value": "Illinios"
            },
            {
                "name": "NY",
                "value": "New York"
            }
        ],
        "readOnly": false,
        "repeat": false,
        "repeatClone": false,
        "required": false,
        "show": null
    },
    "%vlocity_namespace%__ReusableOmniScript__c": false,
    "%vlocity_namespace%__Type__c": "Select",
    "Name": "State",
    "VlocityDataPackType": "SObject",
    "VlocityRecordSObjectType": "%vlocity_namespace%__Element__c",
    "VlocityRecordSourceKey": "%vlocity_namespace%__Element__c/%vlocity_namespace%__OmniScript__c/OmniScripts/Class Exercise/English/State"
}