{
    "%vlocity_namespace%__Active__c": true,
    "%vlocity_namespace%__Level__c": 2,
    "%vlocity_namespace%__OmniScriptId__c": {
        "Name": "TRNGAddAuthUser",
        "VlocityDataPackType": "VlocityMatchingKeyObject",
        "VlocityMatchingRecordSourceKey": "%vlocity_namespace%__OmniScript__c/Account Management/Add Authorized User/English",
        "VlocityRecordSObjectType": "%vlocity_namespace%__OmniScript__c"
    },
    "%vlocity_namespace%__Order__c": 5,
    "%vlocity_namespace%__ParentElementId__c": {
        "%vlocity_namespace%__OmniScriptId__c": "%vlocity_namespace%__OmniScript__c/Account Management/Add Authorized User/English",
        "Name": "BlockCallerVerificationInfo",
        "VlocityDataPackType": "VlocityMatchingKeyObject",
        "VlocityMatchingRecordSourceKey": "%vlocity_namespace%__Element__c/%vlocity_namespace%__OmniScript__c/Account Management/Add Authorized User/English/BlockCallerVerificationInfo",
        "VlocityRecordSObjectType": "%vlocity_namespace%__Element__c"
    },
    "%vlocity_namespace%__ParentElementName__c": "BlockCallerVerificationInfo",
    "%vlocity_namespace%__ParentElementType__c": "Block",
    "%vlocity_namespace%__PropertySet__c": {
        "accessibleInFutureSteps": false,
        "conditionType": "Hide if False",
        "controlWidth": 4,
        "dateFormat": "MM-dd-yyyy",
        "dateType": "string",
        "disOnTplt": false,
        "help": true,
        "helpText": "Birthdate is a required field. It will be used to verify the caller when they contact Road Runner in the future.",
        "hide": false,
        "inputWidth": 12,
        "label": "Caller Birthdate",
        "modelDateFormat": "yyyy-MM-dd",
        "readOnly": false,
        "repeat": false,
        "repeatClone": false,
        "required": true,
        "show": null,
        "showInputWidth": false
    },
    "%vlocity_namespace%__ReusableOmniScript__c": false,
    "%vlocity_namespace%__Type__c": "Date",
    "Name": "CallerBirthDate",
    "VlocityDataPackType": "SObject",
    "VlocityRecordSObjectType": "%vlocity_namespace%__Element__c",
    "VlocityRecordSourceKey": "%vlocity_namespace%__Element__c/%vlocity_namespace%__OmniScript__c/Account Management/Add Authorized User/English/CallerBirthDate"
}