{
    "%vlocity_namespace%__Active__c": true,
    "%vlocity_namespace%__Level__c": 1,
    "%vlocity_namespace%__OmniScriptId__c": {
        "Name": "TRNGAddAuthUser",
        "VlocityDataPackType": "VlocityMatchingKeyObject",
        "VlocityMatchingRecordSourceKey": "%vlocity_namespace%__OmniScript__c/Account Management/Add Authorized User/English",
        "VlocityRecordSObjectType": "%vlocity_namespace%__OmniScript__c"
    },
    "%vlocity_namespace%__Order__c": 2,
    "%vlocity_namespace%__ParentElementId__c": {
        "%vlocity_namespace%__OmniScriptId__c": "%vlocity_namespace%__OmniScript__c/Account Management/Add Authorized User/English",
        "Name": "StepCallerSnapshot",
        "VlocityDataPackType": "VlocityMatchingKeyObject",
        "VlocityMatchingRecordSourceKey": "%vlocity_namespace%__Element__c/%vlocity_namespace%__OmniScript__c/Account Management/Add Authorized User/English/StepCallerSnapshot",
        "VlocityRecordSObjectType": "%vlocity_namespace%__Element__c"
    },
    "%vlocity_namespace%__ParentElementName__c": "StepCallerSnapshot",
    "%vlocity_namespace%__ParentElementType__c": "Step",
    "%vlocity_namespace%__PropertySet__c": {
        "HTMLTemplateId": "",
        "accessibleInFutureSteps": false,
        "collapse": false,
        "conditionType": "Hide if False",
        "controlWidth": 12,
        "disOnTplt": false,
        "hide": false,
        "label": "Caller Contact Information",
        "repeat": false,
        "repeatClone": false,
        "show": null
    },
    "%vlocity_namespace%__ReusableOmniScript__c": false,
    "%vlocity_namespace%__Type__c": "Block",
    "Name": "BlockCallerContactInfo",
    "VlocityDataPackType": "SObject",
    "VlocityRecordSObjectType": "%vlocity_namespace%__Element__c",
    "VlocityRecordSourceKey": "%vlocity_namespace%__Element__c/%vlocity_namespace%__OmniScript__c/Account Management/Add Authorized User/English/BlockCallerContactInfo"
}