{
    "%vlocity_namespace%__Active__c": true,
    "%vlocity_namespace%__Level__c": 1,
    "%vlocity_namespace%__OmniScriptId__c": {
        "Name": "TRNGAddAuthUser",
        "VlocityDataPackType": "VlocityMatchingKeyObject",
        "VlocityMatchingRecordSourceKey": "%vlocity_namespace%__OmniScript__c/Account Management/Add Authorized User/English",
        "VlocityRecordSObjectType": "%vlocity_namespace%__OmniScript__c"
    },
    "%vlocity_namespace%__Order__c": 3,
    "%vlocity_namespace%__ParentElementId__c": {
        "%vlocity_namespace%__OmniScriptId__c": "%vlocity_namespace%__OmniScript__c/Account Management/Add Authorized User/English",
        "Name": "StepSendPDFAuthUserForm",
        "VlocityDataPackType": "VlocityMatchingKeyObject",
        "VlocityMatchingRecordSourceKey": "%vlocity_namespace%__Element__c/%vlocity_namespace%__OmniScript__c/Account Management/Add Authorized User/English/StepSendPDFAuthUserForm",
        "VlocityRecordSObjectType": "%vlocity_namespace%__Element__c"
    },
    "%vlocity_namespace%__ParentElementName__c": "StepSendPDFAuthUserForm",
    "%vlocity_namespace%__ParentElementType__c": "Step",
    "%vlocity_namespace%__PropertySet__c": {
        "HTMLTemplateId": "",
        "attachmentList": "%PDFGenAuthForm:attachmentId%",
        "controlWidth": 5,
        "disOnTplt": false,
        "docList": "",
        "emailInformation": {
            "bccAddressList": [
            ],
            "ccAddressList": [
            ],
            "emailBody": "",
            "emailSubject": "",
            "setHtmlBody": false,
            "toAddressList": [
            ]
        },
        "emailTemplateInformation": {
            "emailTargetObjectId": "%OwnerId%",
            "emailTemplateName": "TRNG_Caller_Account_Authorization",
            "saveAsActivity": true,
            "whatId": ""
        },
        "failureAbortLabel": "Abort",
        "failureAbortMessage": "Are you sure?",
        "failureNextLabel": "Continue",
        "fileAttachments": "",
        "inProgressMessage": "In Progress",
        "label": "Email Authorization Form",
        "message": {
        },
        "postMessage": "Done",
        "redirectNextLabel": "Next",
        "redirectNextWidth": 3,
        "redirectPageName": "",
        "redirectPreviousLabel": "Previous",
        "redirectPreviousWidth": 3,
        "redirectTemplateUrl": "vlcAcknowledge.html",
        "remoteTimeout": 30000,
        "show": null,
        "showPersistentComponent": [
            false,
            false
        ],
        "ssm": false,
        "staticDocList": [
        ],
        "useTemplate": true,
        "validationRequired": "Step",
        "wpm": false
    },
    "%vlocity_namespace%__ReusableOmniScript__c": false,
    "%vlocity_namespace%__Type__c": "Email Action",
    "Name": "SendAuthEmail",
    "VlocityDataPackType": "SObject",
    "VlocityRecordSObjectType": "%vlocity_namespace%__Element__c",
    "VlocityRecordSourceKey": "%vlocity_namespace%__Element__c/%vlocity_namespace%__OmniScript__c/Account Management/Add Authorized User/English/SendAuthEmail"
}