{
    "%vlocity_namespace%__AdditionalInformation__c": "Send a PDF to account owner to add an authorized user",
    "%vlocity_namespace%__Element__c": [
        "Account-Management_Add-Authorized-User_English_Element_AccountName.json",
        "Account-Management_Add-Authorized-User_English_Element_BlockCallerContactInfo.json",
        "Account-Management_Add-Authorized-User_English_Element_BlockCallerVerificationInfo.json",
        "Account-Management_Add-Authorized-User_English_Element_CallerBirthDate.json",
        "Account-Management_Add-Authorized-User_English_Element_CallerEmail.json",
        "Account-Management_Add-Authorized-User_English_Element_CallerMobilePhone.json",
        "Account-Management_Add-Authorized-User_English_Element_CallerName.json",
        "Account-Management_Add-Authorized-User_English_Element_CallerPhone.json",
        "Account-Management_Add-Authorized-User_English_Element_CallerSSN.json",
        "Account-Management_Add-Authorized-User_English_Element_CallerZipCode.json",
        "Account-Management_Add-Authorized-User_English_Element_DRLoadCallerInfo.json",
        "Account-Management_Add-Authorized-User_English_Element_DRReadAccountContactDetail.json",
        "Account-Management_Add-Authorized-User_English_Element_DRReadAccountOwnerDetail.json",
        "Account-Management_Add-Authorized-User_English_Element_DoneAction.json",
        "Account-Management_Add-Authorized-User_English_Element_LineBreak1.json",
        "Account-Management_Add-Authorized-User_English_Element_LineBreak2.json",
        "Account-Management_Add-Authorized-User_English_Element_MsgPDFGenConfirm.json",
        "Account-Management_Add-Authorized-User_English_Element_PDFGenAuthForm.json",
        "Account-Management_Add-Authorized-User_English_Element_ScriptConstants.json",
        "Account-Management_Add-Authorized-User_English_Element_SendAuthEmail.json",
        "Account-Management_Add-Authorized-User_English_Element_StepCallerSnapshot.json",
        "Account-Management_Add-Authorized-User_English_Element_StepNoContactEmail.json",
        "Account-Management_Add-Authorized-User_English_Element_StepSendPDFAuthUserForm.json",
        "Account-Management_Add-Authorized-User_English_Element_TxtBlkEmailSent.json",
        "Account-Management_Add-Authorized-User_English_Element_TxtBlkNoContactEmail.json"
    ],
    "%vlocity_namespace%__IsActive__c": true,
    "%vlocity_namespace%__IsProcedure__c": false,
    "%vlocity_namespace%__IsReusable__c": false,
    "%vlocity_namespace%__Language__c": "English",
    "%vlocity_namespace%__PropertySet__c": "Account-Management_Add-Authorized-User_English_PropertySet.json",
    "%vlocity_namespace%__SubType__c": "Add Authorized User",
    "%vlocity_namespace%__TestHTMLTemplates__c": "Account-Management_Add-Authorized-User_English_HTMLTemplates.html",
    "%vlocity_namespace%__Type__c": "Account Management",
    "Name": "TRNGAddAuthUser",
    "VlocityDataPackType": "SObject",
    "VlocityRecordSObjectType": "%vlocity_namespace%__OmniScript__c",
    "VlocityRecordSourceKey": "%vlocity_namespace%__OmniScript__c/Account Management/Add Authorized User/English"
}