{
    "%vlocity_namespace%__Active__c": true,
    "%vlocity_namespace%__Level__c": 0,
    "%vlocity_namespace%__OmniScriptId__c": {
        "Name": "TRNGAddAuthUser",
        "VlocityDataPackType": "VlocityMatchingKeyObject",
        "VlocityMatchingRecordSourceKey": "%vlocity_namespace%__OmniScript__c/Account Management/Add Authorized User/English",
        "VlocityRecordSObjectType": "%vlocity_namespace%__OmniScript__c"
    },
    "%vlocity_namespace%__Order__c": 6,
    "%vlocity_namespace%__PropertySet__c": {
        "attachmentName": "New Auth User PDF",
        "attachmentParentId": "%ContextId%",
        "controlWidth": 12,
        "disOnTplt": false,
        "displayHeight": 700,
        "displayWidth": 600,
        "failureAbortLabel": "Abort",
        "failureAbortMessage": "Are you sure?",
        "failureNextLabel": "Continue",
        "inProgressMessage": "In Progress",
        "label": null,
        "message": {
        },
        "postMessage": "Done",
        "preTransformBundle": "TRNGNewAuthUserPDFTransform",
        "readOnly": false,
        "redirectNextLabel": "Next",
        "redirectNextWidth": 3,
        "redirectPreviousLabel": "Previous",
        "redirectPreviousWidth": 3,
        "redirectTemplateUrl": "vlcPDF.html",
        "remoteTimeout": 30000,
        "show": {
            "group": {
                "operator": "AND",
                "rules": [
                    {
                        "condition": "<>",
                        "data": null,
                        "field": "OwnerEmail"
                    }
                ]
            }
        },
        "showPersistentComponent": [
            false,
            false
        ],
        "showPopup": false,
        "ssm": false,
        "templateName": "New_Auth_User_Form",
        "validationRequired": "Submit",
        "wpm": false
    },
    "%vlocity_namespace%__ReusableOmniScript__c": false,
    "%vlocity_namespace%__Type__c": "PDF Action",
    "Name": "PDFGenAuthForm",
    "VlocityDataPackType": "SObject",
    "VlocityRecordSObjectType": "%vlocity_namespace%__Element__c",
    "VlocityRecordSourceKey": "%vlocity_namespace%__Element__c/%vlocity_namespace%__OmniScript__c/Account Management/Add Authorized User/English/PDFGenAuthForm"
}