{
    "%vlocity_namespace%__CalculationMatrixId__c": {
        "Name": "CBSA_Wage",
        "VlocityDataPackType": "VlocityMatchingKeyObject",
        "VlocityMatchingRecordSourceKey": "%vlocity_namespace%__CalculationMatrix__c/CBSA_Wage",
        "VlocityRecordSObjectType": "%vlocity_namespace%__CalculationMatrix__c"
    },
    "%vlocity_namespace%__CalculationMatrixId__r.Name": "CBSA_Wage",
    "%vlocity_namespace%__CalculationMatrixRow__c": "CBSA_Wage_Version_Rows.json",
    "%vlocity_namespace%__CurrentStatus__c": "Active",
    "%vlocity_namespace%__EndDateTime__c": "",
    "%vlocity_namespace%__Priority__c": 1,
    "%vlocity_namespace%__StartDateTime__c": "2018-09-14T16:18:17.000Z",
    "%vlocity_namespace%__VersionNumber__c": 1,
    "Name": "CBSA_Wage V1",
    "VlocityDataPackType": "SObject",
    "VlocityRecordSObjectType": "%vlocity_namespace%__CalculationMatrixVersion__c",
    "VlocityRecordSourceKey": "%vlocity_namespace%__CalculationMatrixVersion__c/CBSA_Wage V1"
}