{
    "%vlocity_namespace%__Author__c": "Vlocity",
    "%vlocity_namespace%__CustomJavascript__c": "",
    "%vlocity_namespace%__Definition__c": "",
    "%vlocity_namespace%__Description__c": "",
    "%vlocity_namespace%__DisplayOn__c": "",
    "%vlocity_namespace%__ExternalID__c": "xom-manualqueue-task/1/vlocity/1498798613339",
    "%vlocity_namespace%__HTML__c": "xom-manualqueue-task.html",
    "%vlocity_namespace%__ParentID__c": "",
    "%vlocity_namespace%__SampleJson__c": "",
    "%vlocity_namespace%__Sass__c": "xom-manualqueue-task.scss",
    "%vlocity_namespace%__Type__c": "OmniScript",
    "%vlocity_namespace%__Version__c": 1,
    "Name": "xom-manualqueue-task",
    "VlocityDataPackType": "SObject",
    "VlocityRecordSObjectType": "%vlocity_namespace%__VlocityUITemplate__c",
    "VlocityRecordSourceKey": "%vlocity_namespace%__VlocityUITemplate__c/xom-manualqueue-task"
}