<?xml version="1.0" encoding="UTF-8"?>
<CustomField xmlns="http://soap.sforce.com/2006/04/metadata">
    <fullName>Days_On_Market__c</fullName>
    <externalId>false</externalId>
    <formula>TODAY() - Date_Listed__c</formula>
    <formulaTreatBlanksAs>BlankAsZero</formulaTreatBlanksAs>
    <label>Days On Market</label>
    <precision>18</precision>
    <required>false</required>
    <scale>0</scale>
    <trackHistory>false</trackHistory>
    <trackTrending>false</trackTrending>
    <type>Number</type>
    <unique>false</unique>
</CustomField>
