<?xml version="1.0" encoding="UTF-8"?>
<CustomField xmlns="http://soap.sforce.com/2006/04/metadata">
    <fullName>Record_Link__c</fullName>
    <externalId>false</externalId>
    <formula>LEFT($Api.Partner_Server_URL_260, FIND( '/services', $Api.Partner_Server_URL_260))+ Id</formula>
    <formulaTreatBlanksAs>BlankAsZero</formulaTreatBlanksAs>
    <label>Record Link</label>
    <required>false</required>
    <trackHistory>false</trackHistory>
    <trackTrending>false</trackTrending>
    <type>Text</type>
    <unique>false</unique>
</CustomField>
