<?xml version="1.0" encoding="UTF-8"?>
<CustomField xmlns="http://soap.sforce.com/2006/04/metadata">
    <fullName>Status__c</fullName>
    <externalId>false</externalId>
    <label>Status</label>
    <required>false</required>
    <trackFeedHistory>true</trackFeedHistory>
    <trackHistory>false</trackHistory>
    <trackTrending>false</trackTrending>
    <type>Picklist</type>
    <valueSet>
        <valueSetDefinition>
            <sorted>false</sorted>
            <value>
                <fullName>Contracted</fullName>
                <default>false</default>
                <label>Contracted</label>
            </value>
            <value>
                <fullName>Pre Market</fullName>
                <default>false</default>
                <label>Pre Market</label>
            </value>
            <value>
                <fullName>Available</fullName>
                <default>false</default>
                <label>Available</label>
            </value>
            <value>
                <fullName>Under Agreement</fullName>
                <default>false</default>
                <label>Under Agreement</label>
            </value>
            <value>
                <fullName>Closed</fullName>
                <default>false</default>
                <label>Closed</label>
            </value>
        </valueSetDefinition>
    </valueSet>
</CustomField>
