[
    {
        "%vlocity_namespace%__DomainObjectAPIName__c": "json",
        "%vlocity_namespace%__DomainObjectCreationOrder__c": 0,
        "%vlocity_namespace%__DomainObjectFieldAPIName__c": "account",
        "%vlocity_namespace%__FilterOperator__c": "=",
        "%vlocity_namespace%__FilterValue__c": "Id",
        "%vlocity_namespace%__InterfaceFieldAPIName__c": "Id",
        "%vlocity_namespace%__InterfaceObjectLookupOrder__c": 1,
        "%vlocity_namespace%__InterfaceObjectName__c": "Account",
        "%vlocity_namespace%__IsDisabled__c": false,
        "%vlocity_namespace%__IsRequiredForUpsert__c": false,
        "%vlocity_namespace%__LinkCreatedIndex__c": 0,
        "%vlocity_namespace%__MapId__c": "VPL ReadAccountAddress 14-1Customa0J41000000fXG2EAMItem0",
        "%vlocity_namespace%__UpsertKey__c": false,
        "Name": "VPL ReadAccountAddress 14-1",
        "VlocityDataPackType": "SObject",
        "VlocityRecordSObjectType": "%vlocity_namespace%__DRMapItem__c"
    },
    {
        "%vlocity_namespace%__DomainObjectAPIName__c": "json",
        "%vlocity_namespace%__DomainObjectCreationOrder__c": 1,
        "%vlocity_namespace%__DomainObjectFieldAPIName__c": "AccountEmail",
        "%vlocity_namespace%__InterfaceFieldAPIName__c": "account:%vlocity_namespace%__Email__c",
        "%vlocity_namespace%__IsDisabled__c": false,
        "%vlocity_namespace%__IsRequiredForUpsert__c": false,
        "%vlocity_namespace%__LinkCreatedIndex__c": 0,
        "%vlocity_namespace%__MapId__c": "VPL ReadAccountAddress 14-1Customa0J41000000fXG2EAMItem19",
        "%vlocity_namespace%__UpsertKey__c": false,
        "Name": "VPL ReadAccountAddress 14-1",
        "VlocityDataPackType": "SObject",
        "VlocityRecordSObjectType": "%vlocity_namespace%__DRMapItem__c"
    },
    {
        "%vlocity_namespace%__DomainObjectAPIName__c": "json",
        "%vlocity_namespace%__DomainObjectCreationOrder__c": 1,
        "%vlocity_namespace%__DomainObjectFieldAPIName__c": "AccountEmail",
        "%vlocity_namespace%__InterfaceFieldAPIName__c": "account:PersonEmail",
        "%vlocity_namespace%__IsDisabled__c": false,
        "%vlocity_namespace%__IsRequiredForUpsert__c": false,
        "%vlocity_namespace%__LinkCreatedIndex__c": 0,
        "%vlocity_namespace%__MapId__c": "VPL ReadAccountAddress 14-1Customa0J41000000fXG2EAMItem8",
        "%vlocity_namespace%__UpsertKey__c": false,
        "Name": "VPL ReadAccountAddress 14-1",
        "VlocityDataPackType": "SObject",
        "VlocityRecordSObjectType": "%vlocity_namespace%__DRMapItem__c"
    },
    {
        "%vlocity_namespace%__DomainObjectAPIName__c": "json",
        "%vlocity_namespace%__DomainObjectCreationOrder__c": 1,
        "%vlocity_namespace%__DomainObjectFieldAPIName__c": "AccountId",
        "%vlocity_namespace%__InterfaceFieldAPIName__c": "account:Id",
        "%vlocity_namespace%__IsDisabled__c": false,
        "%vlocity_namespace%__IsRequiredForUpsert__c": false,
        "%vlocity_namespace%__LinkCreatedIndex__c": 0,
        "%vlocity_namespace%__MapId__c": "VPL ReadAccountAddress 14-1Customa0J41000000fXG2EAMItem6",
        "%vlocity_namespace%__UpsertKey__c": false,
        "Name": "VPL ReadAccountAddress 14-1",
        "VlocityDataPackType": "SObject",
        "VlocityRecordSObjectType": "%vlocity_namespace%__DRMapItem__c"
    },
    {
        "%vlocity_namespace%__DomainObjectAPIName__c": "json",
        "%vlocity_namespace%__DomainObjectCreationOrder__c": 1,
        "%vlocity_namespace%__DomainObjectFieldAPIName__c": "AccountName",
        "%vlocity_namespace%__InterfaceFieldAPIName__c": "account:Name",
        "%vlocity_namespace%__IsDisabled__c": false,
        "%vlocity_namespace%__IsRequiredForUpsert__c": false,
        "%vlocity_namespace%__LinkCreatedIndex__c": 0,
        "%vlocity_namespace%__MapId__c": "VPL ReadAccountAddress 14-1Customa0J41000000fXG2EAMItem7",
        "%vlocity_namespace%__UpsertKey__c": false,
        "Name": "VPL ReadAccountAddress 14-1",
        "VlocityDataPackType": "SObject",
        "VlocityRecordSObjectType": "%vlocity_namespace%__DRMapItem__c"
    },
    {
        "%vlocity_namespace%__DomainObjectAPIName__c": "json",
        "%vlocity_namespace%__DomainObjectCreationOrder__c": 1,
        "%vlocity_namespace%__DomainObjectFieldAPIName__c": "AccountPhone",
        "%vlocity_namespace%__InterfaceFieldAPIName__c": "account:Phone",
        "%vlocity_namespace%__IsDisabled__c": false,
        "%vlocity_namespace%__IsRequiredForUpsert__c": false,
        "%vlocity_namespace%__LinkCreatedIndex__c": 0,
        "%vlocity_namespace%__MapId__c": "VPL ReadAccountAddress 14-1Customa0J41000000fXG2EAMItem13",
        "%vlocity_namespace%__UpsertKey__c": false,
        "Name": "VPL ReadAccountAddress 14-1",
        "VlocityDataPackType": "SObject",
        "VlocityRecordSObjectType": "%vlocity_namespace%__DRMapItem__c"
    },
    {
        "%vlocity_namespace%__DomainObjectAPIName__c": "json",
        "%vlocity_namespace%__DomainObjectCreationOrder__c": 1,
        "%vlocity_namespace%__DomainObjectFieldAPIName__c": "BillingCity",
        "%vlocity_namespace%__InterfaceFieldAPIName__c": "account:BillingCity",
        "%vlocity_namespace%__IsDisabled__c": false,
        "%vlocity_namespace%__IsRequiredForUpsert__c": false,
        "%vlocity_namespace%__LinkCreatedIndex__c": 0,
        "%vlocity_namespace%__MapId__c": "VPL ReadAccountAddress 14-1Customa0J41000000fXG2EAMItem1",
        "%vlocity_namespace%__UpsertKey__c": false,
        "Name": "VPL ReadAccountAddress 14-1",
        "VlocityDataPackType": "SObject",
        "VlocityRecordSObjectType": "%vlocity_namespace%__DRMapItem__c"
    },
    {
        "%vlocity_namespace%__DomainObjectAPIName__c": "json",
        "%vlocity_namespace%__DomainObjectCreationOrder__c": 1,
        "%vlocity_namespace%__DomainObjectFieldAPIName__c": "BillingCountry",
        "%vlocity_namespace%__InterfaceFieldAPIName__c": "account:BillingCountry",
        "%vlocity_namespace%__IsDisabled__c": false,
        "%vlocity_namespace%__IsRequiredForUpsert__c": false,
        "%vlocity_namespace%__LinkCreatedIndex__c": 0,
        "%vlocity_namespace%__MapId__c": "VPL ReadAccountAddress 14-1Customa0J41000000fXG2EAMItem2",
        "%vlocity_namespace%__UpsertKey__c": false,
        "Name": "VPL ReadAccountAddress 14-1",
        "VlocityDataPackType": "SObject",
        "VlocityRecordSObjectType": "%vlocity_namespace%__DRMapItem__c"
    },
    {
        "%vlocity_namespace%__DomainObjectAPIName__c": "json",
        "%vlocity_namespace%__DomainObjectCreationOrder__c": 1,
        "%vlocity_namespace%__DomainObjectFieldAPIName__c": "BillingState",
        "%vlocity_namespace%__InterfaceFieldAPIName__c": "account:BillingState",
        "%vlocity_namespace%__IsDisabled__c": false,
        "%vlocity_namespace%__IsRequiredForUpsert__c": false,
        "%vlocity_namespace%__LinkCreatedIndex__c": 0,
        "%vlocity_namespace%__MapId__c": "VPL ReadAccountAddress 14-1Customa0J41000000fXG2EAMItem4",
        "%vlocity_namespace%__UpsertKey__c": false,
        "Name": "VPL ReadAccountAddress 14-1",
        "VlocityDataPackType": "SObject",
        "VlocityRecordSObjectType": "%vlocity_namespace%__DRMapItem__c"
    },
    {
        "%vlocity_namespace%__DomainObjectAPIName__c": "json",
        "%vlocity_namespace%__DomainObjectCreationOrder__c": 1,
        "%vlocity_namespace%__DomainObjectFieldAPIName__c": "BillingStreet",
        "%vlocity_namespace%__InterfaceFieldAPIName__c": "account:BillingStreet",
        "%vlocity_namespace%__IsDisabled__c": false,
        "%vlocity_namespace%__IsRequiredForUpsert__c": false,
        "%vlocity_namespace%__LinkCreatedIndex__c": 0,
        "%vlocity_namespace%__MapId__c": "VPL ReadAccountAddress 14-1Customa0J41000000fXG2EAMItem5",
        "%vlocity_namespace%__UpsertKey__c": false,
        "Name": "VPL ReadAccountAddress 14-1",
        "VlocityDataPackType": "SObject",
        "VlocityRecordSObjectType": "%vlocity_namespace%__DRMapItem__c"
    },
    {
        "%vlocity_namespace%__DomainObjectAPIName__c": "json",
        "%vlocity_namespace%__DomainObjectCreationOrder__c": 1,
        "%vlocity_namespace%__DomainObjectFieldAPIName__c": "BillingZip",
        "%vlocity_namespace%__InterfaceFieldAPIName__c": "account:BillingPostalCode",
        "%vlocity_namespace%__IsDisabled__c": false,
        "%vlocity_namespace%__IsRequiredForUpsert__c": false,
        "%vlocity_namespace%__LinkCreatedIndex__c": 0,
        "%vlocity_namespace%__MapId__c": "VPL ReadAccountAddress 14-1Customa0J41000000fXG2EAMItem3",
        "%vlocity_namespace%__UpsertKey__c": false,
        "Name": "VPL ReadAccountAddress 14-1",
        "VlocityDataPackType": "SObject",
        "VlocityRecordSObjectType": "%vlocity_namespace%__DRMapItem__c"
    },
    {
        "%vlocity_namespace%__DomainObjectAPIName__c": "json",
        "%vlocity_namespace%__DomainObjectCreationOrder__c": 1,
        "%vlocity_namespace%__DomainObjectFieldAPIName__c": "MailingCity",
        "%vlocity_namespace%__InterfaceFieldAPIName__c": "account:PersonMailingCity",
        "%vlocity_namespace%__IsDisabled__c": false,
        "%vlocity_namespace%__IsRequiredForUpsert__c": false,
        "%vlocity_namespace%__LinkCreatedIndex__c": 0,
        "%vlocity_namespace%__MapId__c": "VPL ReadAccountAddress 14-1Customa0J41000000fXG2EAMItem9",
        "%vlocity_namespace%__UpsertKey__c": false,
        "Name": "VPL ReadAccountAddress 14-1",
        "VlocityDataPackType": "SObject",
        "VlocityRecordSObjectType": "%vlocity_namespace%__DRMapItem__c"
    },
    {
        "%vlocity_namespace%__DomainObjectAPIName__c": "json",
        "%vlocity_namespace%__DomainObjectCreationOrder__c": 1,
        "%vlocity_namespace%__DomainObjectFieldAPIName__c": "MailingState",
        "%vlocity_namespace%__InterfaceFieldAPIName__c": "account:PersonMailingState",
        "%vlocity_namespace%__IsDisabled__c": false,
        "%vlocity_namespace%__IsRequiredForUpsert__c": false,
        "%vlocity_namespace%__LinkCreatedIndex__c": 0,
        "%vlocity_namespace%__MapId__c": "VPL ReadAccountAddress 14-1Customa0J41000000fXG2EAMItem11",
        "%vlocity_namespace%__UpsertKey__c": false,
        "Name": "VPL ReadAccountAddress 14-1",
        "VlocityDataPackType": "SObject",
        "VlocityRecordSObjectType": "%vlocity_namespace%__DRMapItem__c"
    },
    {
        "%vlocity_namespace%__DomainObjectAPIName__c": "json",
        "%vlocity_namespace%__DomainObjectCreationOrder__c": 1,
        "%vlocity_namespace%__DomainObjectFieldAPIName__c": "MailingStreet",
        "%vlocity_namespace%__InterfaceFieldAPIName__c": "account:PersonMailingStreet",
        "%vlocity_namespace%__IsDisabled__c": false,
        "%vlocity_namespace%__IsRequiredForUpsert__c": false,
        "%vlocity_namespace%__LinkCreatedIndex__c": 0,
        "%vlocity_namespace%__MapId__c": "VPL ReadAccountAddress 14-1Customa0J41000000fXG2EAMItem12",
        "%vlocity_namespace%__UpsertKey__c": false,
        "Name": "VPL ReadAccountAddress 14-1",
        "VlocityDataPackType": "SObject",
        "VlocityRecordSObjectType": "%vlocity_namespace%__DRMapItem__c"
    },
    {
        "%vlocity_namespace%__DomainObjectAPIName__c": "json",
        "%vlocity_namespace%__DomainObjectCreationOrder__c": 1,
        "%vlocity_namespace%__DomainObjectFieldAPIName__c": "MailingZip",
        "%vlocity_namespace%__InterfaceFieldAPIName__c": "account:PersonMailingPostalCode",
        "%vlocity_namespace%__IsDisabled__c": false,
        "%vlocity_namespace%__IsRequiredForUpsert__c": false,
        "%vlocity_namespace%__LinkCreatedIndex__c": 0,
        "%vlocity_namespace%__MapId__c": "VPL ReadAccountAddress 14-1Customa0J41000000fXG2EAMItem10",
        "%vlocity_namespace%__UpsertKey__c": false,
        "Name": "VPL ReadAccountAddress 14-1",
        "VlocityDataPackType": "SObject",
        "VlocityRecordSObjectType": "%vlocity_namespace%__DRMapItem__c"
    },
    {
        "%vlocity_namespace%__DomainObjectAPIName__c": "json",
        "%vlocity_namespace%__DomainObjectCreationOrder__c": 1,
        "%vlocity_namespace%__DomainObjectFieldAPIName__c": "ShippingCity",
        "%vlocity_namespace%__InterfaceFieldAPIName__c": "account:ShippingCity",
        "%vlocity_namespace%__IsDisabled__c": false,
        "%vlocity_namespace%__IsRequiredForUpsert__c": false,
        "%vlocity_namespace%__LinkCreatedIndex__c": 0,
        "%vlocity_namespace%__MapId__c": "VPL ReadAccountAddress 14-1Customa0J41000000fXG2EAMItem14",
        "%vlocity_namespace%__UpsertKey__c": false,
        "Name": "VPL ReadAccountAddress 14-1",
        "VlocityDataPackType": "SObject",
        "VlocityRecordSObjectType": "%vlocity_namespace%__DRMapItem__c"
    },
    {
        "%vlocity_namespace%__DomainObjectAPIName__c": "json",
        "%vlocity_namespace%__DomainObjectCreationOrder__c": 1,
        "%vlocity_namespace%__DomainObjectFieldAPIName__c": "ShippingCountry",
        "%vlocity_namespace%__InterfaceFieldAPIName__c": "account:ShippingCountry",
        "%vlocity_namespace%__IsDisabled__c": false,
        "%vlocity_namespace%__IsRequiredForUpsert__c": false,
        "%vlocity_namespace%__LinkCreatedIndex__c": 0,
        "%vlocity_namespace%__MapId__c": "VPL ReadAccountAddress 14-1Customa0J41000000fXG2EAMItem15",
        "%vlocity_namespace%__UpsertKey__c": false,
        "Name": "VPL ReadAccountAddress 14-1",
        "VlocityDataPackType": "SObject",
        "VlocityRecordSObjectType": "%vlocity_namespace%__DRMapItem__c"
    },
    {
        "%vlocity_namespace%__DomainObjectAPIName__c": "json",
        "%vlocity_namespace%__DomainObjectCreationOrder__c": 1,
        "%vlocity_namespace%__DomainObjectFieldAPIName__c": "ShippingState",
        "%vlocity_namespace%__InterfaceFieldAPIName__c": "account:ShippingState",
        "%vlocity_namespace%__IsDisabled__c": false,
        "%vlocity_namespace%__IsRequiredForUpsert__c": false,
        "%vlocity_namespace%__LinkCreatedIndex__c": 0,
        "%vlocity_namespace%__MapId__c": "VPL ReadAccountAddress 14-1Customa0J41000000fXG2EAMItem17",
        "%vlocity_namespace%__UpsertKey__c": false,
        "Name": "VPL ReadAccountAddress 14-1",
        "VlocityDataPackType": "SObject",
        "VlocityRecordSObjectType": "%vlocity_namespace%__DRMapItem__c"
    },
    {
        "%vlocity_namespace%__DomainObjectAPIName__c": "json",
        "%vlocity_namespace%__DomainObjectCreationOrder__c": 1,
        "%vlocity_namespace%__DomainObjectFieldAPIName__c": "ShippingStreet",
        "%vlocity_namespace%__InterfaceFieldAPIName__c": "account:ShippingStreet",
        "%vlocity_namespace%__IsDisabled__c": false,
        "%vlocity_namespace%__IsRequiredForUpsert__c": false,
        "%vlocity_namespace%__LinkCreatedIndex__c": 0,
        "%vlocity_namespace%__MapId__c": "VPL ReadAccountAddress 14-1Customa0J41000000fXG2EAMItem18",
        "%vlocity_namespace%__UpsertKey__c": false,
        "Name": "VPL ReadAccountAddress 14-1",
        "VlocityDataPackType": "SObject",
        "VlocityRecordSObjectType": "%vlocity_namespace%__DRMapItem__c"
    },
    {
        "%vlocity_namespace%__DomainObjectAPIName__c": "json",
        "%vlocity_namespace%__DomainObjectCreationOrder__c": 1,
        "%vlocity_namespace%__DomainObjectFieldAPIName__c": "ShippingZip",
        "%vlocity_namespace%__InterfaceFieldAPIName__c": "account:ShippingPostalCode",
        "%vlocity_namespace%__IsDisabled__c": false,
        "%vlocity_namespace%__IsRequiredForUpsert__c": false,
        "%vlocity_namespace%__LinkCreatedIndex__c": 0,
        "%vlocity_namespace%__MapId__c": "VPL ReadAccountAddress 14-1Customa0J41000000fXG2EAMItem16",
        "%vlocity_namespace%__UpsertKey__c": false,
        "Name": "VPL ReadAccountAddress 14-1",
        "VlocityDataPackType": "SObject",
        "VlocityRecordSObjectType": "%vlocity_namespace%__DRMapItem__c"
    }
]