{
    "%vlocity_namespace%__Active__c": true,
    "%vlocity_namespace%__Level__c": 0,
    "%vlocity_namespace%__OmniScriptId__c": {
        "Name": "XOM Decompose Order",
        "VlocityDataPackType": "VlocityMatchingKeyObject",
        "VlocityMatchingRecordSourceKey": "%vlocity_namespace%__OmniScript__c/XOM/DecomposeOrder/English",
        "VlocityRecordSObjectType": "%vlocity_namespace%__OmniScript__c"
    },
    "%vlocity_namespace%__Order__c": 5,
    "%vlocity_namespace%__PropertySet__c": {
        "HTMLTemplateId": "",
        "consoleTabLabel": "New",
        "controlWidth": 12,
        "label": "redirectToOrderDecomposition",
        "message": {
        },
        "redirectPageName": "Decomposition Summary",
        "redirectTemplateUrl": "",
        "show": {
            "group": {
                "operator": "AND",
                "rules": [
                    {
                        "condition": "=",
                        "data": "OK",
                        "field": "decompositionResponse:errorStatus"
                    }
                ]
            }
        },
        "source": "/apex/SimpleDecomposition?id=%ContextId%",
        "ssm": false,
        "type": "URL",
        "validationRequired": "Submit",
        "wpm": false
    },
    "%vlocity_namespace%__ReusableOmniScript__c": false,
    "%vlocity_namespace%__Type__c": "Done Action",
    "Name": "Redirect to Order Decomposition page",
    "VlocityDataPackType": "SObject",
    "VlocityRecordSObjectType": "%vlocity_namespace%__Element__c",
    "VlocityRecordSourceKey": "%vlocity_namespace%__Element__c/%vlocity_namespace%__OmniScript__c/XOM/DecomposeOrder/English/Redirect to Order Decomposition page"
}