{
    "%vlocity_namespace%__AdditionalInformation__c": "This OS calls XOM DecompositionManager to execute Order Decomposition and Navigates to the Order Decomposition page",
    "%vlocity_namespace%__Element__c": [
        "XOM_DecomposeOrder_English_Element_Decompose-Order.json",
        "XOM_DecomposeOrder_English_Element_Redirect-to-Order-Decomposition-page.json",
        "XOM_DecomposeOrder_English_Element_Review-Decomposition-Result.json",
        "XOM_DecomposeOrder_English_Element_Set-Error-Meg.json",
        "XOM_DecomposeOrder_English_Element_SetValues1.json",
        "XOM_DecomposeOrder_English_Element_Step1.json"
    ],
    "%vlocity_namespace%__IsActive__c": true,
    "%vlocity_namespace%__IsProcedure__c": false,
    "%vlocity_namespace%__IsReusable__c": false,
    "%vlocity_namespace%__Language__c": "English",
    "%vlocity_namespace%__PropertySet__c": "XOM_DecomposeOrder_English_PropertySet.json",
    "%vlocity_namespace%__SubType__c": "DecomposeOrder",
    "%vlocity_namespace%__Type__c": "XOM",
    "Name": "XOM Decompose Order",
    "VlocityDataPackType": "SObject",
    "VlocityRecordSObjectType": "%vlocity_namespace%__OmniScript__c",
    "VlocityRecordSourceKey": "%vlocity_namespace%__OmniScript__c/XOM/DecomposeOrder/English"
}