{
    "%vlocity_namespace%__Active__c": true,
    "%vlocity_namespace%__Level__c": 0,
    "%vlocity_namespace%__OmniScriptId__c": {
        "Name": "XOM Decompose Order",
        "VlocityDataPackType": "VlocityMatchingKeyObject",
        "VlocityMatchingRecordSourceKey": "%vlocity_namespace%__OmniScript__c/XOM/DecomposeOrder/English",
        "VlocityRecordSObjectType": "%vlocity_namespace%__OmniScript__c"
    },
    "%vlocity_namespace%__Order__c": 1,
    "%vlocity_namespace%__PropertySet__c": {
        "HTMLTemplateId": "",
        "controlWidth": 12,
        "extraPayload": {
            "orderId": "%ContextId%"
        },
        "failureAbortLabel": "Abort",
        "failureAbortMessage": "Are you sure?",
        "failureNextLabel": "Continue",
        "inProgressMessage": "In Progress",
        "label": "DecomposeOrder",
        "message": {
        },
        "postMessage": "Done",
        "postTransformBundle": "",
        "preTransformBundle": "",
        "redirectNextLabel": "Next",
        "redirectNextWidth": 3,
        "redirectPageName": "",
        "redirectPreviousLabel": "Previous",
        "redirectPreviousWidth": 3,
        "redirectTemplateUrl": "vlcAcknowledge.html",
        "remoteClass": "XOMDecompositionController",
        "remoteMethod": "decompose",
        "remoteOptions": {
            "postTransformBundle": "",
            "preTransformBundle": ""
        },
        "remoteTimeout": 30000,
        "responseJSONNode": "decompositionResponse",
        "responseJSONPath": "",
        "sendJSONNode": "",
        "sendJSONPath": "",
        "show": null,
        "showPersistentComponent": [
            false,
            false
        ],
        "ssm": false,
        "validationRequired": "None",
        "wpm": false
    },
    "%vlocity_namespace%__ReusableOmniScript__c": false,
    "%vlocity_namespace%__Type__c": "Remote Action",
    "Name": "Decompose Order",
    "VlocityDataPackType": "SObject",
    "VlocityRecordSObjectType": "%vlocity_namespace%__Element__c",
    "VlocityRecordSourceKey": "%vlocity_namespace%__Element__c/%vlocity_namespace%__OmniScript__c/XOM/DecomposeOrder/English/Decompose Order"
}