{
    "AddressChange": {
        "AccountEmail": null,
        "AccountName": null,
        "AccountPhone": null,
        "TypeAheadBillingAddress-Block": {
            "TABillingCity": "Cleveland Heights",
            "TABillingCountry": "United States",
            "TABillingState": "OH",
            "TABillingStreet": "2193 Chatfield Drive",
            "TABillingZip": "44106",
            "TypeAheadBillingAddress": "2193 Chatfield Dr, Cleveland Heights, OH 44106, USA"
        },
        "TypeAheadMailingAddress-Block": {
            "MailingCity": null,
            "MailingCountry": null,
            "MailingState": null,
            "MailingStreet": null,
            "MailingZip": null,
            "TypeAheadMailingAddress": null
        },
        "UpdateBillingAddress": null,
        "UpdateMailingAddress": null,
        "billingMailingSame": null
    },
    "ContextId": null
}