[
    {
        "%vlocity_namespace%__CalculationMatrixVersionId__c": {
            "%vlocity_namespace%__CalculationMatrixId__r.Name": "EmployeeRange",
            "%vlocity_namespace%__VersionNumber__c": 1,
            "VlocityDataPackType": "VlocityMatchingKeyObject",
            "VlocityMatchingRecordSourceKey": "%vlocity_namespace%__CalculationMatrixVersion__c/EmployeeRange V1",
            "VlocityRecordSObjectType": "%vlocity_namespace%__CalculationMatrixVersion__c"
        },
        "%vlocity_namespace%__InputData__c": {
            "columnKey": "2bb0a",
            "dataType": "Number Range",
            "displayOrder": 1,
            "headerType": "Input",
            "label": null,
            "lineItemId": null,
            "listValues": "119,120,220,320,420,520,620,720,820,920,1020,1120,1220,1320,1420,1520,1620,1720,1820,1920,2020,2120,2220,2320,2420,2520,2620,2720,2820,2920,3020,3120,3220,3320,3420,3520,3620,3720,3820,3920,4020,4120,4220,4320,4420,4520,4620,4720,4820,4920,5020,5120,5220,5320,5420,5520,5620,5720,5820,5920,6020,6120,6220,6320,6420,6520,6620,6720,6820,6920,7020,7120,7220,7320,7420,7520,7620,7720,7820,7920,8020,8120,8220,8320,8420,8520,8620,8720,8820,8920,9020,9120,9220,9320,9420,9520,9620,9720,9820,9920,10020",
            "name": "NumberOfEmployees"
        },
        "Name": "Header",
        "VlocityDataPackType": "SObject",
        "VlocityRecordSObjectType": "%vlocity_namespace%__CalculationMatrixRow__c"
    },
    {
        "%vlocity_namespace%__CalculationMatrixVersionId__c": {
            "%vlocity_namespace%__CalculationMatrixId__r.Name": "EmployeeRange",
            "%vlocity_namespace%__VersionNumber__c": 1,
            "VlocityDataPackType": "VlocityMatchingKeyObject",
            "VlocityMatchingRecordSourceKey": "%vlocity_namespace%__CalculationMatrixVersion__c/EmployeeRange V1",
            "VlocityRecordSObjectType": "%vlocity_namespace%__CalculationMatrixVersion__c"
        },
        "%vlocity_namespace%__InputData__c": {
            "columnKey": "f9a727",
            "dataType": "Number",
            "displayOrder": 2,
            "headerType": "Output",
            "label": null,
            "lineItemId": null,
            "listValues": null,
            "name": "ServiceAgents"
        },
        "Name": "Header",
        "VlocityDataPackType": "SObject",
        "VlocityRecordSObjectType": "%vlocity_namespace%__CalculationMatrixRow__c"
    },
    {
        "%vlocity_namespace%__CalculationMatrixVersionId__c": {
            "%vlocity_namespace%__CalculationMatrixId__r.Name": "EmployeeRange",
            "%vlocity_namespace%__VersionNumber__c": 1,
            "VlocityDataPackType": "VlocityMatchingKeyObject",
            "VlocityMatchingRecordSourceKey": "%vlocity_namespace%__CalculationMatrixVersion__c/EmployeeRange V1",
            "VlocityRecordSObjectType": "%vlocity_namespace%__CalculationMatrixVersion__c"
        },
        "%vlocity_namespace%__InputData__c": {
            "NumberOfEmployees": "10020"
        },
        "%vlocity_namespace%__OutputData__c": {
            "ServiceAgents": 101
        },
        "Name": "bdd435593d07d4c40ba258a400cbbe6e",
        "VlocityDataPackType": "SObject",
        "VlocityRecordSObjectType": "%vlocity_namespace%__CalculationMatrixRow__c"
    },
    {
        "%vlocity_namespace%__CalculationMatrixVersionId__c": {
            "%vlocity_namespace%__CalculationMatrixId__r.Name": "EmployeeRange",
            "%vlocity_namespace%__VersionNumber__c": 1,
            "VlocityDataPackType": "VlocityMatchingKeyObject",
            "VlocityMatchingRecordSourceKey": "%vlocity_namespace%__CalculationMatrixVersion__c/EmployeeRange V1",
            "VlocityRecordSObjectType": "%vlocity_namespace%__CalculationMatrixVersion__c"
        },
        "%vlocity_namespace%__InputData__c": {
            "NumberOfEmployees": "1020"
        },
        "%vlocity_namespace%__OutputData__c": {
            "ServiceAgents": 11
        },
        "Name": "23473593943be924a4697898f6e47f9b",
        "VlocityDataPackType": "SObject",
        "VlocityRecordSObjectType": "%vlocity_namespace%__CalculationMatrixRow__c"
    },
    {
        "%vlocity_namespace%__CalculationMatrixVersionId__c": {
            "%vlocity_namespace%__CalculationMatrixId__r.Name": "EmployeeRange",
            "%vlocity_namespace%__VersionNumber__c": 1,
            "VlocityDataPackType": "VlocityMatchingKeyObject",
            "VlocityMatchingRecordSourceKey": "%vlocity_namespace%__CalculationMatrixVersion__c/EmployeeRange V1",
            "VlocityRecordSObjectType": "%vlocity_namespace%__CalculationMatrixVersion__c"
        },
        "%vlocity_namespace%__InputData__c": {
            "NumberOfEmployees": "1120"
        },
        "%vlocity_namespace%__OutputData__c": {
            "ServiceAgents": 12
        },
        "Name": "178dcc0ac3e78847098582de4a32a71c",
        "VlocityDataPackType": "SObject",
        "VlocityRecordSObjectType": "%vlocity_namespace%__CalculationMatrixRow__c"
    },
    {
        "%vlocity_namespace%__CalculationMatrixVersionId__c": {
            "%vlocity_namespace%__CalculationMatrixId__r.Name": "EmployeeRange",
            "%vlocity_namespace%__VersionNumber__c": 1,
            "VlocityDataPackType": "VlocityMatchingKeyObject",
            "VlocityMatchingRecordSourceKey": "%vlocity_namespace%__CalculationMatrixVersion__c/EmployeeRange V1",
            "VlocityRecordSObjectType": "%vlocity_namespace%__CalculationMatrixVersion__c"
        },
        "%vlocity_namespace%__InputData__c": {
            "NumberOfEmployees": "119"
        },
        "%vlocity_namespace%__OutputData__c": {
            "ServiceAgents": 1
        },
        "Name": "0f5819fed4ce1b067c7fc4ca422b8495",
        "VlocityDataPackType": "SObject",
        "VlocityRecordSObjectType": "%vlocity_namespace%__CalculationMatrixRow__c"
    },
    {
        "%vlocity_namespace%__CalculationMatrixVersionId__c": {
            "%vlocity_namespace%__CalculationMatrixId__r.Name": "EmployeeRange",
            "%vlocity_namespace%__VersionNumber__c": 1,
            "VlocityDataPackType": "VlocityMatchingKeyObject",
            "VlocityMatchingRecordSourceKey": "%vlocity_namespace%__CalculationMatrixVersion__c/EmployeeRange V1",
            "VlocityRecordSObjectType": "%vlocity_namespace%__CalculationMatrixVersion__c"
        },
        "%vlocity_namespace%__InputData__c": {
            "NumberOfEmployees": "120"
        },
        "%vlocity_namespace%__OutputData__c": {
            "ServiceAgents": 2
        },
        "Name": "cb8cb14d4f2687f9d69e1eaa6ad638ea",
        "VlocityDataPackType": "SObject",
        "VlocityRecordSObjectType": "%vlocity_namespace%__CalculationMatrixRow__c"
    },
    {
        "%vlocity_namespace%__CalculationMatrixVersionId__c": {
            "%vlocity_namespace%__CalculationMatrixId__r.Name": "EmployeeRange",
            "%vlocity_namespace%__VersionNumber__c": 1,
            "VlocityDataPackType": "VlocityMatchingKeyObject",
            "VlocityMatchingRecordSourceKey": "%vlocity_namespace%__CalculationMatrixVersion__c/EmployeeRange V1",
            "VlocityRecordSObjectType": "%vlocity_namespace%__CalculationMatrixVersion__c"
        },
        "%vlocity_namespace%__InputData__c": {
            "NumberOfEmployees": "1220"
        },
        "%vlocity_namespace%__OutputData__c": {
            "ServiceAgents": 13
        },
        "Name": "cdc0b7e3e8d6dcd91d750115998caaf0",
        "VlocityDataPackType": "SObject",
        "VlocityRecordSObjectType": "%vlocity_namespace%__CalculationMatrixRow__c"
    },
    {
        "%vlocity_namespace%__CalculationMatrixVersionId__c": {
            "%vlocity_namespace%__CalculationMatrixId__r.Name": "EmployeeRange",
            "%vlocity_namespace%__VersionNumber__c": 1,
            "VlocityDataPackType": "VlocityMatchingKeyObject",
            "VlocityMatchingRecordSourceKey": "%vlocity_namespace%__CalculationMatrixVersion__c/EmployeeRange V1",
            "VlocityRecordSObjectType": "%vlocity_namespace%__CalculationMatrixVersion__c"
        },
        "%vlocity_namespace%__InputData__c": {
            "NumberOfEmployees": "1320"
        },
        "%vlocity_namespace%__OutputData__c": {
            "ServiceAgents": 14
        },
        "Name": "123df9bdef4941fbb65fc7a3c4681158",
        "VlocityDataPackType": "SObject",
        "VlocityRecordSObjectType": "%vlocity_namespace%__CalculationMatrixRow__c"
    },
    {
        "%vlocity_namespace%__CalculationMatrixVersionId__c": {
            "%vlocity_namespace%__CalculationMatrixId__r.Name": "EmployeeRange",
            "%vlocity_namespace%__VersionNumber__c": 1,
            "VlocityDataPackType": "VlocityMatchingKeyObject",
            "VlocityMatchingRecordSourceKey": "%vlocity_namespace%__CalculationMatrixVersion__c/EmployeeRange V1",
            "VlocityRecordSObjectType": "%vlocity_namespace%__CalculationMatrixVersion__c"
        },
        "%vlocity_namespace%__InputData__c": {
            "NumberOfEmployees": "1420"
        },
        "%vlocity_namespace%__OutputData__c": {
            "ServiceAgents": 15
        },
        "Name": "39f5b000edd176ecca29db2b61ceb46d",
        "VlocityDataPackType": "SObject",
        "VlocityRecordSObjectType": "%vlocity_namespace%__CalculationMatrixRow__c"
    },
    {
        "%vlocity_namespace%__CalculationMatrixVersionId__c": {
            "%vlocity_namespace%__CalculationMatrixId__r.Name": "EmployeeRange",
            "%vlocity_namespace%__VersionNumber__c": 1,
            "VlocityDataPackType": "VlocityMatchingKeyObject",
            "VlocityMatchingRecordSourceKey": "%vlocity_namespace%__CalculationMatrixVersion__c/EmployeeRange V1",
            "VlocityRecordSObjectType": "%vlocity_namespace%__CalculationMatrixVersion__c"
        },
        "%vlocity_namespace%__InputData__c": {
            "NumberOfEmployees": "1520"
        },
        "%vlocity_namespace%__OutputData__c": {
            "ServiceAgents": 16
        },
        "Name": "c3f4daad1cd5db34e7656d136c9389e9",
        "VlocityDataPackType": "SObject",
        "VlocityRecordSObjectType": "%vlocity_namespace%__CalculationMatrixRow__c"
    },
    {
        "%vlocity_namespace%__CalculationMatrixVersionId__c": {
            "%vlocity_namespace%__CalculationMatrixId__r.Name": "EmployeeRange",
            "%vlocity_namespace%__VersionNumber__c": 1,
            "VlocityDataPackType": "VlocityMatchingKeyObject",
            "VlocityMatchingRecordSourceKey": "%vlocity_namespace%__CalculationMatrixVersion__c/EmployeeRange V1",
            "VlocityRecordSObjectType": "%vlocity_namespace%__CalculationMatrixVersion__c"
        },
        "%vlocity_namespace%__InputData__c": {
            "NumberOfEmployees": "1620"
        },
        "%vlocity_namespace%__OutputData__c": {
            "ServiceAgents": 17
        },
        "Name": "bc9d8efbdca275e9aa53e2dc536bf8cb",
        "VlocityDataPackType": "SObject",
        "VlocityRecordSObjectType": "%vlocity_namespace%__CalculationMatrixRow__c"
    },
    {
        "%vlocity_namespace%__CalculationMatrixVersionId__c": {
            "%vlocity_namespace%__CalculationMatrixId__r.Name": "EmployeeRange",
            "%vlocity_namespace%__VersionNumber__c": 1,
            "VlocityDataPackType": "VlocityMatchingKeyObject",
            "VlocityMatchingRecordSourceKey": "%vlocity_namespace%__CalculationMatrixVersion__c/EmployeeRange V1",
            "VlocityRecordSObjectType": "%vlocity_namespace%__CalculationMatrixVersion__c"
        },
        "%vlocity_namespace%__InputData__c": {
            "NumberOfEmployees": "1720"
        },
        "%vlocity_namespace%__OutputData__c": {
            "ServiceAgents": 18
        },
        "Name": "2e4b3a69b8d7cce2ed033174f0eb448a",
        "VlocityDataPackType": "SObject",
        "VlocityRecordSObjectType": "%vlocity_namespace%__CalculationMatrixRow__c"
    },
    {
        "%vlocity_namespace%__CalculationMatrixVersionId__c": {
            "%vlocity_namespace%__CalculationMatrixId__r.Name": "EmployeeRange",
            "%vlocity_namespace%__VersionNumber__c": 1,
            "VlocityDataPackType": "VlocityMatchingKeyObject",
            "VlocityMatchingRecordSourceKey": "%vlocity_namespace%__CalculationMatrixVersion__c/EmployeeRange V1",
            "VlocityRecordSObjectType": "%vlocity_namespace%__CalculationMatrixVersion__c"
        },
        "%vlocity_namespace%__InputData__c": {
            "NumberOfEmployees": "1820"
        },
        "%vlocity_namespace%__OutputData__c": {
            "ServiceAgents": 19
        },
        "Name": "846ee2d37efc837dad741cfa3f672c82",
        "VlocityDataPackType": "SObject",
        "VlocityRecordSObjectType": "%vlocity_namespace%__CalculationMatrixRow__c"
    },
    {
        "%vlocity_namespace%__CalculationMatrixVersionId__c": {
            "%vlocity_namespace%__CalculationMatrixId__r.Name": "EmployeeRange",
            "%vlocity_namespace%__VersionNumber__c": 1,
            "VlocityDataPackType": "VlocityMatchingKeyObject",
            "VlocityMatchingRecordSourceKey": "%vlocity_namespace%__CalculationMatrixVersion__c/EmployeeRange V1",
            "VlocityRecordSObjectType": "%vlocity_namespace%__CalculationMatrixVersion__c"
        },
        "%vlocity_namespace%__InputData__c": {
            "NumberOfEmployees": "1920"
        },
        "%vlocity_namespace%__OutputData__c": {
            "ServiceAgents": 20
        },
        "Name": "4f4388e446c5e9f4cd751251f77f81d8",
        "VlocityDataPackType": "SObject",
        "VlocityRecordSObjectType": "%vlocity_namespace%__CalculationMatrixRow__c"
    },
    {
        "%vlocity_namespace%__CalculationMatrixVersionId__c": {
            "%vlocity_namespace%__CalculationMatrixId__r.Name": "EmployeeRange",
            "%vlocity_namespace%__VersionNumber__c": 1,
            "VlocityDataPackType": "VlocityMatchingKeyObject",
            "VlocityMatchingRecordSourceKey": "%vlocity_namespace%__CalculationMatrixVersion__c/EmployeeRange V1",
            "VlocityRecordSObjectType": "%vlocity_namespace%__CalculationMatrixVersion__c"
        },
        "%vlocity_namespace%__InputData__c": {
            "NumberOfEmployees": "2020"
        },
        "%vlocity_namespace%__OutputData__c": {
            "ServiceAgents": 21
        },
        "Name": "6cc41707b29a799f3481cc126d600161",
        "VlocityDataPackType": "SObject",
        "VlocityRecordSObjectType": "%vlocity_namespace%__CalculationMatrixRow__c"
    },
    {
        "%vlocity_namespace%__CalculationMatrixVersionId__c": {
            "%vlocity_namespace%__CalculationMatrixId__r.Name": "EmployeeRange",
            "%vlocity_namespace%__VersionNumber__c": 1,
            "VlocityDataPackType": "VlocityMatchingKeyObject",
            "VlocityMatchingRecordSourceKey": "%vlocity_namespace%__CalculationMatrixVersion__c/EmployeeRange V1",
            "VlocityRecordSObjectType": "%vlocity_namespace%__CalculationMatrixVersion__c"
        },
        "%vlocity_namespace%__InputData__c": {
            "NumberOfEmployees": "2120"
        },
        "%vlocity_namespace%__OutputData__c": {
            "ServiceAgents": 22
        },
        "Name": "cee05d87fdecf57d0df1637c728b3d67",
        "VlocityDataPackType": "SObject",
        "VlocityRecordSObjectType": "%vlocity_namespace%__CalculationMatrixRow__c"
    },
    {
        "%vlocity_namespace%__CalculationMatrixVersionId__c": {
            "%vlocity_namespace%__CalculationMatrixId__r.Name": "EmployeeRange",
            "%vlocity_namespace%__VersionNumber__c": 1,
            "VlocityDataPackType": "VlocityMatchingKeyObject",
            "VlocityMatchingRecordSourceKey": "%vlocity_namespace%__CalculationMatrixVersion__c/EmployeeRange V1",
            "VlocityRecordSObjectType": "%vlocity_namespace%__CalculationMatrixVersion__c"
        },
        "%vlocity_namespace%__InputData__c": {
            "NumberOfEmployees": "220"
        },
        "%vlocity_namespace%__OutputData__c": {
            "ServiceAgents": 3
        },
        "Name": "5daefd271855f1093851364039a83e16",
        "VlocityDataPackType": "SObject",
        "VlocityRecordSObjectType": "%vlocity_namespace%__CalculationMatrixRow__c"
    },
    {
        "%vlocity_namespace%__CalculationMatrixVersionId__c": {
            "%vlocity_namespace%__CalculationMatrixId__r.Name": "EmployeeRange",
            "%vlocity_namespace%__VersionNumber__c": 1,
            "VlocityDataPackType": "VlocityMatchingKeyObject",
            "VlocityMatchingRecordSourceKey": "%vlocity_namespace%__CalculationMatrixVersion__c/EmployeeRange V1",
            "VlocityRecordSObjectType": "%vlocity_namespace%__CalculationMatrixVersion__c"
        },
        "%vlocity_namespace%__InputData__c": {
            "NumberOfEmployees": "2220"
        },
        "%vlocity_namespace%__OutputData__c": {
            "ServiceAgents": 23
        },
        "Name": "d85fb1518f21afc5156faa813b8148a8",
        "VlocityDataPackType": "SObject",
        "VlocityRecordSObjectType": "%vlocity_namespace%__CalculationMatrixRow__c"
    },
    {
        "%vlocity_namespace%__CalculationMatrixVersionId__c": {
            "%vlocity_namespace%__CalculationMatrixId__r.Name": "EmployeeRange",
            "%vlocity_namespace%__VersionNumber__c": 1,
            "VlocityDataPackType": "VlocityMatchingKeyObject",
            "VlocityMatchingRecordSourceKey": "%vlocity_namespace%__CalculationMatrixVersion__c/EmployeeRange V1",
            "VlocityRecordSObjectType": "%vlocity_namespace%__CalculationMatrixVersion__c"
        },
        "%vlocity_namespace%__InputData__c": {
            "NumberOfEmployees": "2320"
        },
        "%vlocity_namespace%__OutputData__c": {
            "ServiceAgents": 24
        },
        "Name": "49ec23222161270f057072559e5250d4",
        "VlocityDataPackType": "SObject",
        "VlocityRecordSObjectType": "%vlocity_namespace%__CalculationMatrixRow__c"
    },
    {
        "%vlocity_namespace%__CalculationMatrixVersionId__c": {
            "%vlocity_namespace%__CalculationMatrixId__r.Name": "EmployeeRange",
            "%vlocity_namespace%__VersionNumber__c": 1,
            "VlocityDataPackType": "VlocityMatchingKeyObject",
            "VlocityMatchingRecordSourceKey": "%vlocity_namespace%__CalculationMatrixVersion__c/EmployeeRange V1",
            "VlocityRecordSObjectType": "%vlocity_namespace%__CalculationMatrixVersion__c"
        },
        "%vlocity_namespace%__InputData__c": {
            "NumberOfEmployees": "2420"
        },
        "%vlocity_namespace%__OutputData__c": {
            "ServiceAgents": 25
        },
        "Name": "37e7d4b8d9c62ad70796676db62e0f4f",
        "VlocityDataPackType": "SObject",
        "VlocityRecordSObjectType": "%vlocity_namespace%__CalculationMatrixRow__c"
    },
    {
        "%vlocity_namespace%__CalculationMatrixVersionId__c": {
            "%vlocity_namespace%__CalculationMatrixId__r.Name": "EmployeeRange",
            "%vlocity_namespace%__VersionNumber__c": 1,
            "VlocityDataPackType": "VlocityMatchingKeyObject",
            "VlocityMatchingRecordSourceKey": "%vlocity_namespace%__CalculationMatrixVersion__c/EmployeeRange V1",
            "VlocityRecordSObjectType": "%vlocity_namespace%__CalculationMatrixVersion__c"
        },
        "%vlocity_namespace%__InputData__c": {
            "NumberOfEmployees": "2520"
        },
        "%vlocity_namespace%__OutputData__c": {
            "ServiceAgents": 26
        },
        "Name": "0c7efcaf7e7d4bbb8ea3c056fc8ef703",
        "VlocityDataPackType": "SObject",
        "VlocityRecordSObjectType": "%vlocity_namespace%__CalculationMatrixRow__c"
    },
    {
        "%vlocity_namespace%__CalculationMatrixVersionId__c": {
            "%vlocity_namespace%__CalculationMatrixId__r.Name": "EmployeeRange",
            "%vlocity_namespace%__VersionNumber__c": 1,
            "VlocityDataPackType": "VlocityMatchingKeyObject",
            "VlocityMatchingRecordSourceKey": "%vlocity_namespace%__CalculationMatrixVersion__c/EmployeeRange V1",
            "VlocityRecordSObjectType": "%vlocity_namespace%__CalculationMatrixVersion__c"
        },
        "%vlocity_namespace%__InputData__c": {
            "NumberOfEmployees": "2620"
        },
        "%vlocity_namespace%__OutputData__c": {
            "ServiceAgents": 27
        },
        "Name": "80dcf53ed03ad8fa33139937308e1c03",
        "VlocityDataPackType": "SObject",
        "VlocityRecordSObjectType": "%vlocity_namespace%__CalculationMatrixRow__c"
    },
    {
        "%vlocity_namespace%__CalculationMatrixVersionId__c": {
            "%vlocity_namespace%__CalculationMatrixId__r.Name": "EmployeeRange",
            "%vlocity_namespace%__VersionNumber__c": 1,
            "VlocityDataPackType": "VlocityMatchingKeyObject",
            "VlocityMatchingRecordSourceKey": "%vlocity_namespace%__CalculationMatrixVersion__c/EmployeeRange V1",
            "VlocityRecordSObjectType": "%vlocity_namespace%__CalculationMatrixVersion__c"
        },
        "%vlocity_namespace%__InputData__c": {
            "NumberOfEmployees": "2720"
        },
        "%vlocity_namespace%__OutputData__c": {
            "ServiceAgents": 28
        },
        "Name": "8a3b458f619e873df2e106f8f0bb0537",
        "VlocityDataPackType": "SObject",
        "VlocityRecordSObjectType": "%vlocity_namespace%__CalculationMatrixRow__c"
    },
    {
        "%vlocity_namespace%__CalculationMatrixVersionId__c": {
            "%vlocity_namespace%__CalculationMatrixId__r.Name": "EmployeeRange",
            "%vlocity_namespace%__VersionNumber__c": 1,
            "VlocityDataPackType": "VlocityMatchingKeyObject",
            "VlocityMatchingRecordSourceKey": "%vlocity_namespace%__CalculationMatrixVersion__c/EmployeeRange V1",
            "VlocityRecordSObjectType": "%vlocity_namespace%__CalculationMatrixVersion__c"
        },
        "%vlocity_namespace%__InputData__c": {
            "NumberOfEmployees": "2820"
        },
        "%vlocity_namespace%__OutputData__c": {
            "ServiceAgents": 29
        },
        "Name": "45b9633d0bdc2704a0d1d11ef8c58f4a",
        "VlocityDataPackType": "SObject",
        "VlocityRecordSObjectType": "%vlocity_namespace%__CalculationMatrixRow__c"
    },
    {
        "%vlocity_namespace%__CalculationMatrixVersionId__c": {
            "%vlocity_namespace%__CalculationMatrixId__r.Name": "EmployeeRange",
            "%vlocity_namespace%__VersionNumber__c": 1,
            "VlocityDataPackType": "VlocityMatchingKeyObject",
            "VlocityMatchingRecordSourceKey": "%vlocity_namespace%__CalculationMatrixVersion__c/EmployeeRange V1",
            "VlocityRecordSObjectType": "%vlocity_namespace%__CalculationMatrixVersion__c"
        },
        "%vlocity_namespace%__InputData__c": {
            "NumberOfEmployees": "2920"
        },
        "%vlocity_namespace%__OutputData__c": {
            "ServiceAgents": 30
        },
        "Name": "c24ebe50c04656f7fc010595f2ce473d",
        "VlocityDataPackType": "SObject",
        "VlocityRecordSObjectType": "%vlocity_namespace%__CalculationMatrixRow__c"
    },
    {
        "%vlocity_namespace%__CalculationMatrixVersionId__c": {
            "%vlocity_namespace%__CalculationMatrixId__r.Name": "EmployeeRange",
            "%vlocity_namespace%__VersionNumber__c": 1,
            "VlocityDataPackType": "VlocityMatchingKeyObject",
            "VlocityMatchingRecordSourceKey": "%vlocity_namespace%__CalculationMatrixVersion__c/EmployeeRange V1",
            "VlocityRecordSObjectType": "%vlocity_namespace%__CalculationMatrixVersion__c"
        },
        "%vlocity_namespace%__InputData__c": {
            "NumberOfEmployees": "3020"
        },
        "%vlocity_namespace%__OutputData__c": {
            "ServiceAgents": 31
        },
        "Name": "5a8b469b1a05f05431cae7fb21d8981c",
        "VlocityDataPackType": "SObject",
        "VlocityRecordSObjectType": "%vlocity_namespace%__CalculationMatrixRow__c"
    },
    {
        "%vlocity_namespace%__CalculationMatrixVersionId__c": {
            "%vlocity_namespace%__CalculationMatrixId__r.Name": "EmployeeRange",
            "%vlocity_namespace%__VersionNumber__c": 1,
            "VlocityDataPackType": "VlocityMatchingKeyObject",
            "VlocityMatchingRecordSourceKey": "%vlocity_namespace%__CalculationMatrixVersion__c/EmployeeRange V1",
            "VlocityRecordSObjectType": "%vlocity_namespace%__CalculationMatrixVersion__c"
        },
        "%vlocity_namespace%__InputData__c": {
            "NumberOfEmployees": "3120"
        },
        "%vlocity_namespace%__OutputData__c": {
            "ServiceAgents": 32
        },
        "Name": "d3939d71992fd4e94e2ea068241fadb3",
        "VlocityDataPackType": "SObject",
        "VlocityRecordSObjectType": "%vlocity_namespace%__CalculationMatrixRow__c"
    },
    {
        "%vlocity_namespace%__CalculationMatrixVersionId__c": {
            "%vlocity_namespace%__CalculationMatrixId__r.Name": "EmployeeRange",
            "%vlocity_namespace%__VersionNumber__c": 1,
            "VlocityDataPackType": "VlocityMatchingKeyObject",
            "VlocityMatchingRecordSourceKey": "%vlocity_namespace%__CalculationMatrixVersion__c/EmployeeRange V1",
            "VlocityRecordSObjectType": "%vlocity_namespace%__CalculationMatrixVersion__c"
        },
        "%vlocity_namespace%__InputData__c": {
            "NumberOfEmployees": "320"
        },
        "%vlocity_namespace%__OutputData__c": {
            "ServiceAgents": 4
        },
        "Name": "3089d1238abe9992a43ef7f11d953d13",
        "VlocityDataPackType": "SObject",
        "VlocityRecordSObjectType": "%vlocity_namespace%__CalculationMatrixRow__c"
    },
    {
        "%vlocity_namespace%__CalculationMatrixVersionId__c": {
            "%vlocity_namespace%__CalculationMatrixId__r.Name": "EmployeeRange",
            "%vlocity_namespace%__VersionNumber__c": 1,
            "VlocityDataPackType": "VlocityMatchingKeyObject",
            "VlocityMatchingRecordSourceKey": "%vlocity_namespace%__CalculationMatrixVersion__c/EmployeeRange V1",
            "VlocityRecordSObjectType": "%vlocity_namespace%__CalculationMatrixVersion__c"
        },
        "%vlocity_namespace%__InputData__c": {
            "NumberOfEmployees": "3220"
        },
        "%vlocity_namespace%__OutputData__c": {
            "ServiceAgents": 33
        },
        "Name": "35744f0b68c9735959339c55682bba84",
        "VlocityDataPackType": "SObject",
        "VlocityRecordSObjectType": "%vlocity_namespace%__CalculationMatrixRow__c"
    },
    {
        "%vlocity_namespace%__CalculationMatrixVersionId__c": {
            "%vlocity_namespace%__CalculationMatrixId__r.Name": "EmployeeRange",
            "%vlocity_namespace%__VersionNumber__c": 1,
            "VlocityDataPackType": "VlocityMatchingKeyObject",
            "VlocityMatchingRecordSourceKey": "%vlocity_namespace%__CalculationMatrixVersion__c/EmployeeRange V1",
            "VlocityRecordSObjectType": "%vlocity_namespace%__CalculationMatrixVersion__c"
        },
        "%vlocity_namespace%__InputData__c": {
            "NumberOfEmployees": "3320"
        },
        "%vlocity_namespace%__OutputData__c": {
            "ServiceAgents": 34
        },
        "Name": "166008e59d7500f5ac2514049e47bc51",
        "VlocityDataPackType": "SObject",
        "VlocityRecordSObjectType": "%vlocity_namespace%__CalculationMatrixRow__c"
    },
    {
        "%vlocity_namespace%__CalculationMatrixVersionId__c": {
            "%vlocity_namespace%__CalculationMatrixId__r.Name": "EmployeeRange",
            "%vlocity_namespace%__VersionNumber__c": 1,
            "VlocityDataPackType": "VlocityMatchingKeyObject",
            "VlocityMatchingRecordSourceKey": "%vlocity_namespace%__CalculationMatrixVersion__c/EmployeeRange V1",
            "VlocityRecordSObjectType": "%vlocity_namespace%__CalculationMatrixVersion__c"
        },
        "%vlocity_namespace%__InputData__c": {
            "NumberOfEmployees": "3420"
        },
        "%vlocity_namespace%__OutputData__c": {
            "ServiceAgents": 35
        },
        "Name": "ccae8554cf39904845257d6012973e9d",
        "VlocityDataPackType": "SObject",
        "VlocityRecordSObjectType": "%vlocity_namespace%__CalculationMatrixRow__c"
    },
    {
        "%vlocity_namespace%__CalculationMatrixVersionId__c": {
            "%vlocity_namespace%__CalculationMatrixId__r.Name": "EmployeeRange",
            "%vlocity_namespace%__VersionNumber__c": 1,
            "VlocityDataPackType": "VlocityMatchingKeyObject",
            "VlocityMatchingRecordSourceKey": "%vlocity_namespace%__CalculationMatrixVersion__c/EmployeeRange V1",
            "VlocityRecordSObjectType": "%vlocity_namespace%__CalculationMatrixVersion__c"
        },
        "%vlocity_namespace%__InputData__c": {
            "NumberOfEmployees": "3520"
        },
        "%vlocity_namespace%__OutputData__c": {
            "ServiceAgents": 36
        },
        "Name": "0d954c1ba459fa75a4672d46e7979deb",
        "VlocityDataPackType": "SObject",
        "VlocityRecordSObjectType": "%vlocity_namespace%__CalculationMatrixRow__c"
    },
    {
        "%vlocity_namespace%__CalculationMatrixVersionId__c": {
            "%vlocity_namespace%__CalculationMatrixId__r.Name": "EmployeeRange",
            "%vlocity_namespace%__VersionNumber__c": 1,
            "VlocityDataPackType": "VlocityMatchingKeyObject",
            "VlocityMatchingRecordSourceKey": "%vlocity_namespace%__CalculationMatrixVersion__c/EmployeeRange V1",
            "VlocityRecordSObjectType": "%vlocity_namespace%__CalculationMatrixVersion__c"
        },
        "%vlocity_namespace%__InputData__c": {
            "NumberOfEmployees": "3620"
        },
        "%vlocity_namespace%__OutputData__c": {
            "ServiceAgents": 37
        },
        "Name": "6f1393be94dd1ea633a33ba5e180f8ac",
        "VlocityDataPackType": "SObject",
        "VlocityRecordSObjectType": "%vlocity_namespace%__CalculationMatrixRow__c"
    },
    {
        "%vlocity_namespace%__CalculationMatrixVersionId__c": {
            "%vlocity_namespace%__CalculationMatrixId__r.Name": "EmployeeRange",
            "%vlocity_namespace%__VersionNumber__c": 1,
            "VlocityDataPackType": "VlocityMatchingKeyObject",
            "VlocityMatchingRecordSourceKey": "%vlocity_namespace%__CalculationMatrixVersion__c/EmployeeRange V1",
            "VlocityRecordSObjectType": "%vlocity_namespace%__CalculationMatrixVersion__c"
        },
        "%vlocity_namespace%__InputData__c": {
            "NumberOfEmployees": "3720"
        },
        "%vlocity_namespace%__OutputData__c": {
            "ServiceAgents": 38
        },
        "Name": "aa09067269236df2c1ec38610c2b09ca",
        "VlocityDataPackType": "SObject",
        "VlocityRecordSObjectType": "%vlocity_namespace%__CalculationMatrixRow__c"
    },
    {
        "%vlocity_namespace%__CalculationMatrixVersionId__c": {
            "%vlocity_namespace%__CalculationMatrixId__r.Name": "EmployeeRange",
            "%vlocity_namespace%__VersionNumber__c": 1,
            "VlocityDataPackType": "VlocityMatchingKeyObject",
            "VlocityMatchingRecordSourceKey": "%vlocity_namespace%__CalculationMatrixVersion__c/EmployeeRange V1",
            "VlocityRecordSObjectType": "%vlocity_namespace%__CalculationMatrixVersion__c"
        },
        "%vlocity_namespace%__InputData__c": {
            "NumberOfEmployees": "3820"
        },
        "%vlocity_namespace%__OutputData__c": {
            "ServiceAgents": 39
        },
        "Name": "0c1f98f4fe84884dbb29978ccd3bd581",
        "VlocityDataPackType": "SObject",
        "VlocityRecordSObjectType": "%vlocity_namespace%__CalculationMatrixRow__c"
    },
    {
        "%vlocity_namespace%__CalculationMatrixVersionId__c": {
            "%vlocity_namespace%__CalculationMatrixId__r.Name": "EmployeeRange",
            "%vlocity_namespace%__VersionNumber__c": 1,
            "VlocityDataPackType": "VlocityMatchingKeyObject",
            "VlocityMatchingRecordSourceKey": "%vlocity_namespace%__CalculationMatrixVersion__c/EmployeeRange V1",
            "VlocityRecordSObjectType": "%vlocity_namespace%__CalculationMatrixVersion__c"
        },
        "%vlocity_namespace%__InputData__c": {
            "NumberOfEmployees": "3920"
        },
        "%vlocity_namespace%__OutputData__c": {
            "ServiceAgents": 40
        },
        "Name": "3cdc33a8ab237a2de3cc44442eec6345",
        "VlocityDataPackType": "SObject",
        "VlocityRecordSObjectType": "%vlocity_namespace%__CalculationMatrixRow__c"
    },
    {
        "%vlocity_namespace%__CalculationMatrixVersionId__c": {
            "%vlocity_namespace%__CalculationMatrixId__r.Name": "EmployeeRange",
            "%vlocity_namespace%__VersionNumber__c": 1,
            "VlocityDataPackType": "VlocityMatchingKeyObject",
            "VlocityMatchingRecordSourceKey": "%vlocity_namespace%__CalculationMatrixVersion__c/EmployeeRange V1",
            "VlocityRecordSObjectType": "%vlocity_namespace%__CalculationMatrixVersion__c"
        },
        "%vlocity_namespace%__InputData__c": {
            "NumberOfEmployees": "4020"
        },
        "%vlocity_namespace%__OutputData__c": {
            "ServiceAgents": 41
        },
        "Name": "b31c07648987708da666564268ae3b70",
        "VlocityDataPackType": "SObject",
        "VlocityRecordSObjectType": "%vlocity_namespace%__CalculationMatrixRow__c"
    },
    {
        "%vlocity_namespace%__CalculationMatrixVersionId__c": {
            "%vlocity_namespace%__CalculationMatrixId__r.Name": "EmployeeRange",
            "%vlocity_namespace%__VersionNumber__c": 1,
            "VlocityDataPackType": "VlocityMatchingKeyObject",
            "VlocityMatchingRecordSourceKey": "%vlocity_namespace%__CalculationMatrixVersion__c/EmployeeRange V1",
            "VlocityRecordSObjectType": "%vlocity_namespace%__CalculationMatrixVersion__c"
        },
        "%vlocity_namespace%__InputData__c": {
            "NumberOfEmployees": "4120"
        },
        "%vlocity_namespace%__OutputData__c": {
            "ServiceAgents": 42
        },
        "Name": "c1d65d842186796320844d1f98e91f6e",
        "VlocityDataPackType": "SObject",
        "VlocityRecordSObjectType": "%vlocity_namespace%__CalculationMatrixRow__c"
    },
    {
        "%vlocity_namespace%__CalculationMatrixVersionId__c": {
            "%vlocity_namespace%__CalculationMatrixId__r.Name": "EmployeeRange",
            "%vlocity_namespace%__VersionNumber__c": 1,
            "VlocityDataPackType": "VlocityMatchingKeyObject",
            "VlocityMatchingRecordSourceKey": "%vlocity_namespace%__CalculationMatrixVersion__c/EmployeeRange V1",
            "VlocityRecordSObjectType": "%vlocity_namespace%__CalculationMatrixVersion__c"
        },
        "%vlocity_namespace%__InputData__c": {
            "NumberOfEmployees": "420"
        },
        "%vlocity_namespace%__OutputData__c": {
            "ServiceAgents": 5
        },
        "Name": "6414bed95cf05d1ddafec2518dcded3b",
        "VlocityDataPackType": "SObject",
        "VlocityRecordSObjectType": "%vlocity_namespace%__CalculationMatrixRow__c"
    },
    {
        "%vlocity_namespace%__CalculationMatrixVersionId__c": {
            "%vlocity_namespace%__CalculationMatrixId__r.Name": "EmployeeRange",
            "%vlocity_namespace%__VersionNumber__c": 1,
            "VlocityDataPackType": "VlocityMatchingKeyObject",
            "VlocityMatchingRecordSourceKey": "%vlocity_namespace%__CalculationMatrixVersion__c/EmployeeRange V1",
            "VlocityRecordSObjectType": "%vlocity_namespace%__CalculationMatrixVersion__c"
        },
        "%vlocity_namespace%__InputData__c": {
            "NumberOfEmployees": "4220"
        },
        "%vlocity_namespace%__OutputData__c": {
            "ServiceAgents": 43
        },
        "Name": "40558218ab0de26dbefac72c51168cc4",
        "VlocityDataPackType": "SObject",
        "VlocityRecordSObjectType": "%vlocity_namespace%__CalculationMatrixRow__c"
    },
    {
        "%vlocity_namespace%__CalculationMatrixVersionId__c": {
            "%vlocity_namespace%__CalculationMatrixId__r.Name": "EmployeeRange",
            "%vlocity_namespace%__VersionNumber__c": 1,
            "VlocityDataPackType": "VlocityMatchingKeyObject",
            "VlocityMatchingRecordSourceKey": "%vlocity_namespace%__CalculationMatrixVersion__c/EmployeeRange V1",
            "VlocityRecordSObjectType": "%vlocity_namespace%__CalculationMatrixVersion__c"
        },
        "%vlocity_namespace%__InputData__c": {
            "NumberOfEmployees": "4320"
        },
        "%vlocity_namespace%__OutputData__c": {
            "ServiceAgents": 44
        },
        "Name": "2d13dc0cd11431060386041e36f65bc2",
        "VlocityDataPackType": "SObject",
        "VlocityRecordSObjectType": "%vlocity_namespace%__CalculationMatrixRow__c"
    },
    {
        "%vlocity_namespace%__CalculationMatrixVersionId__c": {
            "%vlocity_namespace%__CalculationMatrixId__r.Name": "EmployeeRange",
            "%vlocity_namespace%__VersionNumber__c": 1,
            "VlocityDataPackType": "VlocityMatchingKeyObject",
            "VlocityMatchingRecordSourceKey": "%vlocity_namespace%__CalculationMatrixVersion__c/EmployeeRange V1",
            "VlocityRecordSObjectType": "%vlocity_namespace%__CalculationMatrixVersion__c"
        },
        "%vlocity_namespace%__InputData__c": {
            "NumberOfEmployees": "4420"
        },
        "%vlocity_namespace%__OutputData__c": {
            "ServiceAgents": 45
        },
        "Name": "9f244c50e40832257e3c8f911956502f",
        "VlocityDataPackType": "SObject",
        "VlocityRecordSObjectType": "%vlocity_namespace%__CalculationMatrixRow__c"
    },
    {
        "%vlocity_namespace%__CalculationMatrixVersionId__c": {
            "%vlocity_namespace%__CalculationMatrixId__r.Name": "EmployeeRange",
            "%vlocity_namespace%__VersionNumber__c": 1,
            "VlocityDataPackType": "VlocityMatchingKeyObject",
            "VlocityMatchingRecordSourceKey": "%vlocity_namespace%__CalculationMatrixVersion__c/EmployeeRange V1",
            "VlocityRecordSObjectType": "%vlocity_namespace%__CalculationMatrixVersion__c"
        },
        "%vlocity_namespace%__InputData__c": {
            "NumberOfEmployees": "4520"
        },
        "%vlocity_namespace%__OutputData__c": {
            "ServiceAgents": 46
        },
        "Name": "2e534c75b941d2603ddb200e05caaf05",
        "VlocityDataPackType": "SObject",
        "VlocityRecordSObjectType": "%vlocity_namespace%__CalculationMatrixRow__c"
    },
    {
        "%vlocity_namespace%__CalculationMatrixVersionId__c": {
            "%vlocity_namespace%__CalculationMatrixId__r.Name": "EmployeeRange",
            "%vlocity_namespace%__VersionNumber__c": 1,
            "VlocityDataPackType": "VlocityMatchingKeyObject",
            "VlocityMatchingRecordSourceKey": "%vlocity_namespace%__CalculationMatrixVersion__c/EmployeeRange V1",
            "VlocityRecordSObjectType": "%vlocity_namespace%__CalculationMatrixVersion__c"
        },
        "%vlocity_namespace%__InputData__c": {
            "NumberOfEmployees": "4620"
        },
        "%vlocity_namespace%__OutputData__c": {
            "ServiceAgents": 47
        },
        "Name": "caefa073e05f5c681f247210cf42addf",
        "VlocityDataPackType": "SObject",
        "VlocityRecordSObjectType": "%vlocity_namespace%__CalculationMatrixRow__c"
    },
    {
        "%vlocity_namespace%__CalculationMatrixVersionId__c": {
            "%vlocity_namespace%__CalculationMatrixId__r.Name": "EmployeeRange",
            "%vlocity_namespace%__VersionNumber__c": 1,
            "VlocityDataPackType": "VlocityMatchingKeyObject",
            "VlocityMatchingRecordSourceKey": "%vlocity_namespace%__CalculationMatrixVersion__c/EmployeeRange V1",
            "VlocityRecordSObjectType": "%vlocity_namespace%__CalculationMatrixVersion__c"
        },
        "%vlocity_namespace%__InputData__c": {
            "NumberOfEmployees": "4720"
        },
        "%vlocity_namespace%__OutputData__c": {
            "ServiceAgents": 48
        },
        "Name": "ca324af3d86ad6229e645a5b8adf4c6f",
        "VlocityDataPackType": "SObject",
        "VlocityRecordSObjectType": "%vlocity_namespace%__CalculationMatrixRow__c"
    },
    {
        "%vlocity_namespace%__CalculationMatrixVersionId__c": {
            "%vlocity_namespace%__CalculationMatrixId__r.Name": "EmployeeRange",
            "%vlocity_namespace%__VersionNumber__c": 1,
            "VlocityDataPackType": "VlocityMatchingKeyObject",
            "VlocityMatchingRecordSourceKey": "%vlocity_namespace%__CalculationMatrixVersion__c/EmployeeRange V1",
            "VlocityRecordSObjectType": "%vlocity_namespace%__CalculationMatrixVersion__c"
        },
        "%vlocity_namespace%__InputData__c": {
            "NumberOfEmployees": "4820"
        },
        "%vlocity_namespace%__OutputData__c": {
            "ServiceAgents": 49
        },
        "Name": "609250fa13bba696c8d0434153d3d130",
        "VlocityDataPackType": "SObject",
        "VlocityRecordSObjectType": "%vlocity_namespace%__CalculationMatrixRow__c"
    },
    {
        "%vlocity_namespace%__CalculationMatrixVersionId__c": {
            "%vlocity_namespace%__CalculationMatrixId__r.Name": "EmployeeRange",
            "%vlocity_namespace%__VersionNumber__c": 1,
            "VlocityDataPackType": "VlocityMatchingKeyObject",
            "VlocityMatchingRecordSourceKey": "%vlocity_namespace%__CalculationMatrixVersion__c/EmployeeRange V1",
            "VlocityRecordSObjectType": "%vlocity_namespace%__CalculationMatrixVersion__c"
        },
        "%vlocity_namespace%__InputData__c": {
            "NumberOfEmployees": "4920"
        },
        "%vlocity_namespace%__OutputData__c": {
            "ServiceAgents": 50
        },
        "Name": "729d259d3a70bf8d723195a4a5837d48",
        "VlocityDataPackType": "SObject",
        "VlocityRecordSObjectType": "%vlocity_namespace%__CalculationMatrixRow__c"
    },
    {
        "%vlocity_namespace%__CalculationMatrixVersionId__c": {
            "%vlocity_namespace%__CalculationMatrixId__r.Name": "EmployeeRange",
            "%vlocity_namespace%__VersionNumber__c": 1,
            "VlocityDataPackType": "VlocityMatchingKeyObject",
            "VlocityMatchingRecordSourceKey": "%vlocity_namespace%__CalculationMatrixVersion__c/EmployeeRange V1",
            "VlocityRecordSObjectType": "%vlocity_namespace%__CalculationMatrixVersion__c"
        },
        "%vlocity_namespace%__InputData__c": {
            "NumberOfEmployees": "5020"
        },
        "%vlocity_namespace%__OutputData__c": {
            "ServiceAgents": 51
        },
        "Name": "587d1ece625f1a485e468a9855ee8ec6",
        "VlocityDataPackType": "SObject",
        "VlocityRecordSObjectType": "%vlocity_namespace%__CalculationMatrixRow__c"
    },
    {
        "%vlocity_namespace%__CalculationMatrixVersionId__c": {
            "%vlocity_namespace%__CalculationMatrixId__r.Name": "EmployeeRange",
            "%vlocity_namespace%__VersionNumber__c": 1,
            "VlocityDataPackType": "VlocityMatchingKeyObject",
            "VlocityMatchingRecordSourceKey": "%vlocity_namespace%__CalculationMatrixVersion__c/EmployeeRange V1",
            "VlocityRecordSObjectType": "%vlocity_namespace%__CalculationMatrixVersion__c"
        },
        "%vlocity_namespace%__InputData__c": {
            "NumberOfEmployees": "5120"
        },
        "%vlocity_namespace%__OutputData__c": {
            "ServiceAgents": 52
        },
        "Name": "d335d616b860210e0f7a467aa4c34549",
        "VlocityDataPackType": "SObject",
        "VlocityRecordSObjectType": "%vlocity_namespace%__CalculationMatrixRow__c"
    },
    {
        "%vlocity_namespace%__CalculationMatrixVersionId__c": {
            "%vlocity_namespace%__CalculationMatrixId__r.Name": "EmployeeRange",
            "%vlocity_namespace%__VersionNumber__c": 1,
            "VlocityDataPackType": "VlocityMatchingKeyObject",
            "VlocityMatchingRecordSourceKey": "%vlocity_namespace%__CalculationMatrixVersion__c/EmployeeRange V1",
            "VlocityRecordSObjectType": "%vlocity_namespace%__CalculationMatrixVersion__c"
        },
        "%vlocity_namespace%__InputData__c": {
            "NumberOfEmployees": "520"
        },
        "%vlocity_namespace%__OutputData__c": {
            "ServiceAgents": 6
        },
        "Name": "ad4875dd55887fc30a5724be8e0734d7",
        "VlocityDataPackType": "SObject",
        "VlocityRecordSObjectType": "%vlocity_namespace%__CalculationMatrixRow__c"
    },
    {
        "%vlocity_namespace%__CalculationMatrixVersionId__c": {
            "%vlocity_namespace%__CalculationMatrixId__r.Name": "EmployeeRange",
            "%vlocity_namespace%__VersionNumber__c": 1,
            "VlocityDataPackType": "VlocityMatchingKeyObject",
            "VlocityMatchingRecordSourceKey": "%vlocity_namespace%__CalculationMatrixVersion__c/EmployeeRange V1",
            "VlocityRecordSObjectType": "%vlocity_namespace%__CalculationMatrixVersion__c"
        },
        "%vlocity_namespace%__InputData__c": {
            "NumberOfEmployees": "5220"
        },
        "%vlocity_namespace%__OutputData__c": {
            "ServiceAgents": 53
        },
        "Name": "8669388ef256b32913335ee703535ae7",
        "VlocityDataPackType": "SObject",
        "VlocityRecordSObjectType": "%vlocity_namespace%__CalculationMatrixRow__c"
    },
    {
        "%vlocity_namespace%__CalculationMatrixVersionId__c": {
            "%vlocity_namespace%__CalculationMatrixId__r.Name": "EmployeeRange",
            "%vlocity_namespace%__VersionNumber__c": 1,
            "VlocityDataPackType": "VlocityMatchingKeyObject",
            "VlocityMatchingRecordSourceKey": "%vlocity_namespace%__CalculationMatrixVersion__c/EmployeeRange V1",
            "VlocityRecordSObjectType": "%vlocity_namespace%__CalculationMatrixVersion__c"
        },
        "%vlocity_namespace%__InputData__c": {
            "NumberOfEmployees": "5320"
        },
        "%vlocity_namespace%__OutputData__c": {
            "ServiceAgents": 54
        },
        "Name": "e93419c4dd2cebbddb2f9c436d23a2f3",
        "VlocityDataPackType": "SObject",
        "VlocityRecordSObjectType": "%vlocity_namespace%__CalculationMatrixRow__c"
    },
    {
        "%vlocity_namespace%__CalculationMatrixVersionId__c": {
            "%vlocity_namespace%__CalculationMatrixId__r.Name": "EmployeeRange",
            "%vlocity_namespace%__VersionNumber__c": 1,
            "VlocityDataPackType": "VlocityMatchingKeyObject",
            "VlocityMatchingRecordSourceKey": "%vlocity_namespace%__CalculationMatrixVersion__c/EmployeeRange V1",
            "VlocityRecordSObjectType": "%vlocity_namespace%__CalculationMatrixVersion__c"
        },
        "%vlocity_namespace%__InputData__c": {
            "NumberOfEmployees": "5420"
        },
        "%vlocity_namespace%__OutputData__c": {
            "ServiceAgents": 55
        },
        "Name": "3d98e5fadd94a99f55eb36638993098c",
        "VlocityDataPackType": "SObject",
        "VlocityRecordSObjectType": "%vlocity_namespace%__CalculationMatrixRow__c"
    },
    {
        "%vlocity_namespace%__CalculationMatrixVersionId__c": {
            "%vlocity_namespace%__CalculationMatrixId__r.Name": "EmployeeRange",
            "%vlocity_namespace%__VersionNumber__c": 1,
            "VlocityDataPackType": "VlocityMatchingKeyObject",
            "VlocityMatchingRecordSourceKey": "%vlocity_namespace%__CalculationMatrixVersion__c/EmployeeRange V1",
            "VlocityRecordSObjectType": "%vlocity_namespace%__CalculationMatrixVersion__c"
        },
        "%vlocity_namespace%__InputData__c": {
            "NumberOfEmployees": "5520"
        },
        "%vlocity_namespace%__OutputData__c": {
            "ServiceAgents": 56
        },
        "Name": "bc33b22c64506464f30dd5d4ebb80f05",
        "VlocityDataPackType": "SObject",
        "VlocityRecordSObjectType": "%vlocity_namespace%__CalculationMatrixRow__c"
    },
    {
        "%vlocity_namespace%__CalculationMatrixVersionId__c": {
            "%vlocity_namespace%__CalculationMatrixId__r.Name": "EmployeeRange",
            "%vlocity_namespace%__VersionNumber__c": 1,
            "VlocityDataPackType": "VlocityMatchingKeyObject",
            "VlocityMatchingRecordSourceKey": "%vlocity_namespace%__CalculationMatrixVersion__c/EmployeeRange V1",
            "VlocityRecordSObjectType": "%vlocity_namespace%__CalculationMatrixVersion__c"
        },
        "%vlocity_namespace%__InputData__c": {
            "NumberOfEmployees": "5620"
        },
        "%vlocity_namespace%__OutputData__c": {
            "ServiceAgents": 57
        },
        "Name": "e959303ee9375b499f61ba86cfd80d54",
        "VlocityDataPackType": "SObject",
        "VlocityRecordSObjectType": "%vlocity_namespace%__CalculationMatrixRow__c"
    },
    {
        "%vlocity_namespace%__CalculationMatrixVersionId__c": {
            "%vlocity_namespace%__CalculationMatrixId__r.Name": "EmployeeRange",
            "%vlocity_namespace%__VersionNumber__c": 1,
            "VlocityDataPackType": "VlocityMatchingKeyObject",
            "VlocityMatchingRecordSourceKey": "%vlocity_namespace%__CalculationMatrixVersion__c/EmployeeRange V1",
            "VlocityRecordSObjectType": "%vlocity_namespace%__CalculationMatrixVersion__c"
        },
        "%vlocity_namespace%__InputData__c": {
            "NumberOfEmployees": "5720"
        },
        "%vlocity_namespace%__OutputData__c": {
            "ServiceAgents": 58
        },
        "Name": "3691b2240694883186760bbce9d2680d",
        "VlocityDataPackType": "SObject",
        "VlocityRecordSObjectType": "%vlocity_namespace%__CalculationMatrixRow__c"
    },
    {
        "%vlocity_namespace%__CalculationMatrixVersionId__c": {
            "%vlocity_namespace%__CalculationMatrixId__r.Name": "EmployeeRange",
            "%vlocity_namespace%__VersionNumber__c": 1,
            "VlocityDataPackType": "VlocityMatchingKeyObject",
            "VlocityMatchingRecordSourceKey": "%vlocity_namespace%__CalculationMatrixVersion__c/EmployeeRange V1",
            "VlocityRecordSObjectType": "%vlocity_namespace%__CalculationMatrixVersion__c"
        },
        "%vlocity_namespace%__InputData__c": {
            "NumberOfEmployees": "5820"
        },
        "%vlocity_namespace%__OutputData__c": {
            "ServiceAgents": 59
        },
        "Name": "19d4dd2a66ff140a6eb1e3292999ffb5",
        "VlocityDataPackType": "SObject",
        "VlocityRecordSObjectType": "%vlocity_namespace%__CalculationMatrixRow__c"
    },
    {
        "%vlocity_namespace%__CalculationMatrixVersionId__c": {
            "%vlocity_namespace%__CalculationMatrixId__r.Name": "EmployeeRange",
            "%vlocity_namespace%__VersionNumber__c": 1,
            "VlocityDataPackType": "VlocityMatchingKeyObject",
            "VlocityMatchingRecordSourceKey": "%vlocity_namespace%__CalculationMatrixVersion__c/EmployeeRange V1",
            "VlocityRecordSObjectType": "%vlocity_namespace%__CalculationMatrixVersion__c"
        },
        "%vlocity_namespace%__InputData__c": {
            "NumberOfEmployees": "5920"
        },
        "%vlocity_namespace%__OutputData__c": {
            "ServiceAgents": 60
        },
        "Name": "fdb20095b0020d347d9a5e9214b82ea3",
        "VlocityDataPackType": "SObject",
        "VlocityRecordSObjectType": "%vlocity_namespace%__CalculationMatrixRow__c"
    },
    {
        "%vlocity_namespace%__CalculationMatrixVersionId__c": {
            "%vlocity_namespace%__CalculationMatrixId__r.Name": "EmployeeRange",
            "%vlocity_namespace%__VersionNumber__c": 1,
            "VlocityDataPackType": "VlocityMatchingKeyObject",
            "VlocityMatchingRecordSourceKey": "%vlocity_namespace%__CalculationMatrixVersion__c/EmployeeRange V1",
            "VlocityRecordSObjectType": "%vlocity_namespace%__CalculationMatrixVersion__c"
        },
        "%vlocity_namespace%__InputData__c": {
            "NumberOfEmployees": "6020"
        },
        "%vlocity_namespace%__OutputData__c": {
            "ServiceAgents": 61
        },
        "Name": "cb250001a3128ed683bed7eb123616e3",
        "VlocityDataPackType": "SObject",
        "VlocityRecordSObjectType": "%vlocity_namespace%__CalculationMatrixRow__c"
    },
    {
        "%vlocity_namespace%__CalculationMatrixVersionId__c": {
            "%vlocity_namespace%__CalculationMatrixId__r.Name": "EmployeeRange",
            "%vlocity_namespace%__VersionNumber__c": 1,
            "VlocityDataPackType": "VlocityMatchingKeyObject",
            "VlocityMatchingRecordSourceKey": "%vlocity_namespace%__CalculationMatrixVersion__c/EmployeeRange V1",
            "VlocityRecordSObjectType": "%vlocity_namespace%__CalculationMatrixVersion__c"
        },
        "%vlocity_namespace%__InputData__c": {
            "NumberOfEmployees": "6120"
        },
        "%vlocity_namespace%__OutputData__c": {
            "ServiceAgents": 62
        },
        "Name": "d812256579a8d079e8d61fd08eba976b",
        "VlocityDataPackType": "SObject",
        "VlocityRecordSObjectType": "%vlocity_namespace%__CalculationMatrixRow__c"
    },
    {
        "%vlocity_namespace%__CalculationMatrixVersionId__c": {
            "%vlocity_namespace%__CalculationMatrixId__r.Name": "EmployeeRange",
            "%vlocity_namespace%__VersionNumber__c": 1,
            "VlocityDataPackType": "VlocityMatchingKeyObject",
            "VlocityMatchingRecordSourceKey": "%vlocity_namespace%__CalculationMatrixVersion__c/EmployeeRange V1",
            "VlocityRecordSObjectType": "%vlocity_namespace%__CalculationMatrixVersion__c"
        },
        "%vlocity_namespace%__InputData__c": {
            "NumberOfEmployees": "620"
        },
        "%vlocity_namespace%__OutputData__c": {
            "ServiceAgents": 7
        },
        "Name": "dd8e611a87734d99fca3640a3126e5bd",
        "VlocityDataPackType": "SObject",
        "VlocityRecordSObjectType": "%vlocity_namespace%__CalculationMatrixRow__c"
    },
    {
        "%vlocity_namespace%__CalculationMatrixVersionId__c": {
            "%vlocity_namespace%__CalculationMatrixId__r.Name": "EmployeeRange",
            "%vlocity_namespace%__VersionNumber__c": 1,
            "VlocityDataPackType": "VlocityMatchingKeyObject",
            "VlocityMatchingRecordSourceKey": "%vlocity_namespace%__CalculationMatrixVersion__c/EmployeeRange V1",
            "VlocityRecordSObjectType": "%vlocity_namespace%__CalculationMatrixVersion__c"
        },
        "%vlocity_namespace%__InputData__c": {
            "NumberOfEmployees": "6220"
        },
        "%vlocity_namespace%__OutputData__c": {
            "ServiceAgents": 63
        },
        "Name": "4e97bed006f397aa402db34014aacf56",
        "VlocityDataPackType": "SObject",
        "VlocityRecordSObjectType": "%vlocity_namespace%__CalculationMatrixRow__c"
    },
    {
        "%vlocity_namespace%__CalculationMatrixVersionId__c": {
            "%vlocity_namespace%__CalculationMatrixId__r.Name": "EmployeeRange",
            "%vlocity_namespace%__VersionNumber__c": 1,
            "VlocityDataPackType": "VlocityMatchingKeyObject",
            "VlocityMatchingRecordSourceKey": "%vlocity_namespace%__CalculationMatrixVersion__c/EmployeeRange V1",
            "VlocityRecordSObjectType": "%vlocity_namespace%__CalculationMatrixVersion__c"
        },
        "%vlocity_namespace%__InputData__c": {
            "NumberOfEmployees": "6320"
        },
        "%vlocity_namespace%__OutputData__c": {
            "ServiceAgents": 64
        },
        "Name": "7f7efe53304a3be286b424e4df6a1940",
        "VlocityDataPackType": "SObject",
        "VlocityRecordSObjectType": "%vlocity_namespace%__CalculationMatrixRow__c"
    },
    {
        "%vlocity_namespace%__CalculationMatrixVersionId__c": {
            "%vlocity_namespace%__CalculationMatrixId__r.Name": "EmployeeRange",
            "%vlocity_namespace%__VersionNumber__c": 1,
            "VlocityDataPackType": "VlocityMatchingKeyObject",
            "VlocityMatchingRecordSourceKey": "%vlocity_namespace%__CalculationMatrixVersion__c/EmployeeRange V1",
            "VlocityRecordSObjectType": "%vlocity_namespace%__CalculationMatrixVersion__c"
        },
        "%vlocity_namespace%__InputData__c": {
            "NumberOfEmployees": "6420"
        },
        "%vlocity_namespace%__OutputData__c": {
            "ServiceAgents": 65
        },
        "Name": "604399a96eb86fd9306783c3bddf26f4",
        "VlocityDataPackType": "SObject",
        "VlocityRecordSObjectType": "%vlocity_namespace%__CalculationMatrixRow__c"
    },
    {
        "%vlocity_namespace%__CalculationMatrixVersionId__c": {
            "%vlocity_namespace%__CalculationMatrixId__r.Name": "EmployeeRange",
            "%vlocity_namespace%__VersionNumber__c": 1,
            "VlocityDataPackType": "VlocityMatchingKeyObject",
            "VlocityMatchingRecordSourceKey": "%vlocity_namespace%__CalculationMatrixVersion__c/EmployeeRange V1",
            "VlocityRecordSObjectType": "%vlocity_namespace%__CalculationMatrixVersion__c"
        },
        "%vlocity_namespace%__InputData__c": {
            "NumberOfEmployees": "6520"
        },
        "%vlocity_namespace%__OutputData__c": {
            "ServiceAgents": 66
        },
        "Name": "164ce6d227be00268fe7439d8f3877cf",
        "VlocityDataPackType": "SObject",
        "VlocityRecordSObjectType": "%vlocity_namespace%__CalculationMatrixRow__c"
    },
    {
        "%vlocity_namespace%__CalculationMatrixVersionId__c": {
            "%vlocity_namespace%__CalculationMatrixId__r.Name": "EmployeeRange",
            "%vlocity_namespace%__VersionNumber__c": 1,
            "VlocityDataPackType": "VlocityMatchingKeyObject",
            "VlocityMatchingRecordSourceKey": "%vlocity_namespace%__CalculationMatrixVersion__c/EmployeeRange V1",
            "VlocityRecordSObjectType": "%vlocity_namespace%__CalculationMatrixVersion__c"
        },
        "%vlocity_namespace%__InputData__c": {
            "NumberOfEmployees": "6620"
        },
        "%vlocity_namespace%__OutputData__c": {
            "ServiceAgents": 67
        },
        "Name": "9b69a8c634ef1efda4923ec763bd807f",
        "VlocityDataPackType": "SObject",
        "VlocityRecordSObjectType": "%vlocity_namespace%__CalculationMatrixRow__c"
    },
    {
        "%vlocity_namespace%__CalculationMatrixVersionId__c": {
            "%vlocity_namespace%__CalculationMatrixId__r.Name": "EmployeeRange",
            "%vlocity_namespace%__VersionNumber__c": 1,
            "VlocityDataPackType": "VlocityMatchingKeyObject",
            "VlocityMatchingRecordSourceKey": "%vlocity_namespace%__CalculationMatrixVersion__c/EmployeeRange V1",
            "VlocityRecordSObjectType": "%vlocity_namespace%__CalculationMatrixVersion__c"
        },
        "%vlocity_namespace%__InputData__c": {
            "NumberOfEmployees": "6720"
        },
        "%vlocity_namespace%__OutputData__c": {
            "ServiceAgents": 68
        },
        "Name": "e1c538900acf9a0d1e4729455ed8232e",
        "VlocityDataPackType": "SObject",
        "VlocityRecordSObjectType": "%vlocity_namespace%__CalculationMatrixRow__c"
    },
    {
        "%vlocity_namespace%__CalculationMatrixVersionId__c": {
            "%vlocity_namespace%__CalculationMatrixId__r.Name": "EmployeeRange",
            "%vlocity_namespace%__VersionNumber__c": 1,
            "VlocityDataPackType": "VlocityMatchingKeyObject",
            "VlocityMatchingRecordSourceKey": "%vlocity_namespace%__CalculationMatrixVersion__c/EmployeeRange V1",
            "VlocityRecordSObjectType": "%vlocity_namespace%__CalculationMatrixVersion__c"
        },
        "%vlocity_namespace%__InputData__c": {
            "NumberOfEmployees": "6820"
        },
        "%vlocity_namespace%__OutputData__c": {
            "ServiceAgents": 69
        },
        "Name": "46f10413037444fa6ae44da5b66357a6",
        "VlocityDataPackType": "SObject",
        "VlocityRecordSObjectType": "%vlocity_namespace%__CalculationMatrixRow__c"
    },
    {
        "%vlocity_namespace%__CalculationMatrixVersionId__c": {
            "%vlocity_namespace%__CalculationMatrixId__r.Name": "EmployeeRange",
            "%vlocity_namespace%__VersionNumber__c": 1,
            "VlocityDataPackType": "VlocityMatchingKeyObject",
            "VlocityMatchingRecordSourceKey": "%vlocity_namespace%__CalculationMatrixVersion__c/EmployeeRange V1",
            "VlocityRecordSObjectType": "%vlocity_namespace%__CalculationMatrixVersion__c"
        },
        "%vlocity_namespace%__InputData__c": {
            "NumberOfEmployees": "6920"
        },
        "%vlocity_namespace%__OutputData__c": {
            "ServiceAgents": 70
        },
        "Name": "d97288120caebae08ab99143ca404b4d",
        "VlocityDataPackType": "SObject",
        "VlocityRecordSObjectType": "%vlocity_namespace%__CalculationMatrixRow__c"
    },
    {
        "%vlocity_namespace%__CalculationMatrixVersionId__c": {
            "%vlocity_namespace%__CalculationMatrixId__r.Name": "EmployeeRange",
            "%vlocity_namespace%__VersionNumber__c": 1,
            "VlocityDataPackType": "VlocityMatchingKeyObject",
            "VlocityMatchingRecordSourceKey": "%vlocity_namespace%__CalculationMatrixVersion__c/EmployeeRange V1",
            "VlocityRecordSObjectType": "%vlocity_namespace%__CalculationMatrixVersion__c"
        },
        "%vlocity_namespace%__InputData__c": {
            "NumberOfEmployees": "7020"
        },
        "%vlocity_namespace%__OutputData__c": {
            "ServiceAgents": 71
        },
        "Name": "911141c6b3ebc6b0c357e5da0a8f114e",
        "VlocityDataPackType": "SObject",
        "VlocityRecordSObjectType": "%vlocity_namespace%__CalculationMatrixRow__c"
    },
    {
        "%vlocity_namespace%__CalculationMatrixVersionId__c": {
            "%vlocity_namespace%__CalculationMatrixId__r.Name": "EmployeeRange",
            "%vlocity_namespace%__VersionNumber__c": 1,
            "VlocityDataPackType": "VlocityMatchingKeyObject",
            "VlocityMatchingRecordSourceKey": "%vlocity_namespace%__CalculationMatrixVersion__c/EmployeeRange V1",
            "VlocityRecordSObjectType": "%vlocity_namespace%__CalculationMatrixVersion__c"
        },
        "%vlocity_namespace%__InputData__c": {
            "NumberOfEmployees": "7120"
        },
        "%vlocity_namespace%__OutputData__c": {
            "ServiceAgents": 72
        },
        "Name": "02c81d49fc755a430e4e643cb08d6f1d",
        "VlocityDataPackType": "SObject",
        "VlocityRecordSObjectType": "%vlocity_namespace%__CalculationMatrixRow__c"
    },
    {
        "%vlocity_namespace%__CalculationMatrixVersionId__c": {
            "%vlocity_namespace%__CalculationMatrixId__r.Name": "EmployeeRange",
            "%vlocity_namespace%__VersionNumber__c": 1,
            "VlocityDataPackType": "VlocityMatchingKeyObject",
            "VlocityMatchingRecordSourceKey": "%vlocity_namespace%__CalculationMatrixVersion__c/EmployeeRange V1",
            "VlocityRecordSObjectType": "%vlocity_namespace%__CalculationMatrixVersion__c"
        },
        "%vlocity_namespace%__InputData__c": {
            "NumberOfEmployees": "720"
        },
        "%vlocity_namespace%__OutputData__c": {
            "ServiceAgents": 8
        },
        "Name": "2f5b4fb831f9390d79422dc307403105",
        "VlocityDataPackType": "SObject",
        "VlocityRecordSObjectType": "%vlocity_namespace%__CalculationMatrixRow__c"
    },
    {
        "%vlocity_namespace%__CalculationMatrixVersionId__c": {
            "%vlocity_namespace%__CalculationMatrixId__r.Name": "EmployeeRange",
            "%vlocity_namespace%__VersionNumber__c": 1,
            "VlocityDataPackType": "VlocityMatchingKeyObject",
            "VlocityMatchingRecordSourceKey": "%vlocity_namespace%__CalculationMatrixVersion__c/EmployeeRange V1",
            "VlocityRecordSObjectType": "%vlocity_namespace%__CalculationMatrixVersion__c"
        },
        "%vlocity_namespace%__InputData__c": {
            "NumberOfEmployees": "7220"
        },
        "%vlocity_namespace%__OutputData__c": {
            "ServiceAgents": 73
        },
        "Name": "aacbaa415a5c2273aa8f08a9c24e2526",
        "VlocityDataPackType": "SObject",
        "VlocityRecordSObjectType": "%vlocity_namespace%__CalculationMatrixRow__c"
    },
    {
        "%vlocity_namespace%__CalculationMatrixVersionId__c": {
            "%vlocity_namespace%__CalculationMatrixId__r.Name": "EmployeeRange",
            "%vlocity_namespace%__VersionNumber__c": 1,
            "VlocityDataPackType": "VlocityMatchingKeyObject",
            "VlocityMatchingRecordSourceKey": "%vlocity_namespace%__CalculationMatrixVersion__c/EmployeeRange V1",
            "VlocityRecordSObjectType": "%vlocity_namespace%__CalculationMatrixVersion__c"
        },
        "%vlocity_namespace%__InputData__c": {
            "NumberOfEmployees": "7320"
        },
        "%vlocity_namespace%__OutputData__c": {
            "ServiceAgents": 74
        },
        "Name": "62fba91774714c0491786431f9bc34d6",
        "VlocityDataPackType": "SObject",
        "VlocityRecordSObjectType": "%vlocity_namespace%__CalculationMatrixRow__c"
    },
    {
        "%vlocity_namespace%__CalculationMatrixVersionId__c": {
            "%vlocity_namespace%__CalculationMatrixId__r.Name": "EmployeeRange",
            "%vlocity_namespace%__VersionNumber__c": 1,
            "VlocityDataPackType": "VlocityMatchingKeyObject",
            "VlocityMatchingRecordSourceKey": "%vlocity_namespace%__CalculationMatrixVersion__c/EmployeeRange V1",
            "VlocityRecordSObjectType": "%vlocity_namespace%__CalculationMatrixVersion__c"
        },
        "%vlocity_namespace%__InputData__c": {
            "NumberOfEmployees": "7420"
        },
        "%vlocity_namespace%__OutputData__c": {
            "ServiceAgents": 75
        },
        "Name": "661b78b3f5d45145c15ab8dcab2e83a8",
        "VlocityDataPackType": "SObject",
        "VlocityRecordSObjectType": "%vlocity_namespace%__CalculationMatrixRow__c"
    },
    {
        "%vlocity_namespace%__CalculationMatrixVersionId__c": {
            "%vlocity_namespace%__CalculationMatrixId__r.Name": "EmployeeRange",
            "%vlocity_namespace%__VersionNumber__c": 1,
            "VlocityDataPackType": "VlocityMatchingKeyObject",
            "VlocityMatchingRecordSourceKey": "%vlocity_namespace%__CalculationMatrixVersion__c/EmployeeRange V1",
            "VlocityRecordSObjectType": "%vlocity_namespace%__CalculationMatrixVersion__c"
        },
        "%vlocity_namespace%__InputData__c": {
            "NumberOfEmployees": "7520"
        },
        "%vlocity_namespace%__OutputData__c": {
            "ServiceAgents": 76
        },
        "Name": "9059653685503bed9a77119aaf293056",
        "VlocityDataPackType": "SObject",
        "VlocityRecordSObjectType": "%vlocity_namespace%__CalculationMatrixRow__c"
    },
    {
        "%vlocity_namespace%__CalculationMatrixVersionId__c": {
            "%vlocity_namespace%__CalculationMatrixId__r.Name": "EmployeeRange",
            "%vlocity_namespace%__VersionNumber__c": 1,
            "VlocityDataPackType": "VlocityMatchingKeyObject",
            "VlocityMatchingRecordSourceKey": "%vlocity_namespace%__CalculationMatrixVersion__c/EmployeeRange V1",
            "VlocityRecordSObjectType": "%vlocity_namespace%__CalculationMatrixVersion__c"
        },
        "%vlocity_namespace%__InputData__c": {
            "NumberOfEmployees": "7620"
        },
        "%vlocity_namespace%__OutputData__c": {
            "ServiceAgents": 77
        },
        "Name": "ce0f07a770c3bcaa7560766127bfe0ac",
        "VlocityDataPackType": "SObject",
        "VlocityRecordSObjectType": "%vlocity_namespace%__CalculationMatrixRow__c"
    },
    {
        "%vlocity_namespace%__CalculationMatrixVersionId__c": {
            "%vlocity_namespace%__CalculationMatrixId__r.Name": "EmployeeRange",
            "%vlocity_namespace%__VersionNumber__c": 1,
            "VlocityDataPackType": "VlocityMatchingKeyObject",
            "VlocityMatchingRecordSourceKey": "%vlocity_namespace%__CalculationMatrixVersion__c/EmployeeRange V1",
            "VlocityRecordSObjectType": "%vlocity_namespace%__CalculationMatrixVersion__c"
        },
        "%vlocity_namespace%__InputData__c": {
            "NumberOfEmployees": "7720"
        },
        "%vlocity_namespace%__OutputData__c": {
            "ServiceAgents": 78
        },
        "Name": "e2385d08e6bb2d67c9d7444e2ec3a84f",
        "VlocityDataPackType": "SObject",
        "VlocityRecordSObjectType": "%vlocity_namespace%__CalculationMatrixRow__c"
    },
    {
        "%vlocity_namespace%__CalculationMatrixVersionId__c": {
            "%vlocity_namespace%__CalculationMatrixId__r.Name": "EmployeeRange",
            "%vlocity_namespace%__VersionNumber__c": 1,
            "VlocityDataPackType": "VlocityMatchingKeyObject",
            "VlocityMatchingRecordSourceKey": "%vlocity_namespace%__CalculationMatrixVersion__c/EmployeeRange V1",
            "VlocityRecordSObjectType": "%vlocity_namespace%__CalculationMatrixVersion__c"
        },
        "%vlocity_namespace%__InputData__c": {
            "NumberOfEmployees": "7820"
        },
        "%vlocity_namespace%__OutputData__c": {
            "ServiceAgents": 79
        },
        "Name": "7ec4dfc4786c91cf03b023f70283997d",
        "VlocityDataPackType": "SObject",
        "VlocityRecordSObjectType": "%vlocity_namespace%__CalculationMatrixRow__c"
    },
    {
        "%vlocity_namespace%__CalculationMatrixVersionId__c": {
            "%vlocity_namespace%__CalculationMatrixId__r.Name": "EmployeeRange",
            "%vlocity_namespace%__VersionNumber__c": 1,
            "VlocityDataPackType": "VlocityMatchingKeyObject",
            "VlocityMatchingRecordSourceKey": "%vlocity_namespace%__CalculationMatrixVersion__c/EmployeeRange V1",
            "VlocityRecordSObjectType": "%vlocity_namespace%__CalculationMatrixVersion__c"
        },
        "%vlocity_namespace%__InputData__c": {
            "NumberOfEmployees": "7920"
        },
        "%vlocity_namespace%__OutputData__c": {
            "ServiceAgents": 80
        },
        "Name": "ea951757abc6db425ef652a5efec4044",
        "VlocityDataPackType": "SObject",
        "VlocityRecordSObjectType": "%vlocity_namespace%__CalculationMatrixRow__c"
    },
    {
        "%vlocity_namespace%__CalculationMatrixVersionId__c": {
            "%vlocity_namespace%__CalculationMatrixId__r.Name": "EmployeeRange",
            "%vlocity_namespace%__VersionNumber__c": 1,
            "VlocityDataPackType": "VlocityMatchingKeyObject",
            "VlocityMatchingRecordSourceKey": "%vlocity_namespace%__CalculationMatrixVersion__c/EmployeeRange V1",
            "VlocityRecordSObjectType": "%vlocity_namespace%__CalculationMatrixVersion__c"
        },
        "%vlocity_namespace%__InputData__c": {
            "NumberOfEmployees": "8020"
        },
        "%vlocity_namespace%__OutputData__c": {
            "ServiceAgents": 81
        },
        "Name": "43c65ff96cfb2b48dac71d839a236f5d",
        "VlocityDataPackType": "SObject",
        "VlocityRecordSObjectType": "%vlocity_namespace%__CalculationMatrixRow__c"
    },
    {
        "%vlocity_namespace%__CalculationMatrixVersionId__c": {
            "%vlocity_namespace%__CalculationMatrixId__r.Name": "EmployeeRange",
            "%vlocity_namespace%__VersionNumber__c": 1,
            "VlocityDataPackType": "VlocityMatchingKeyObject",
            "VlocityMatchingRecordSourceKey": "%vlocity_namespace%__CalculationMatrixVersion__c/EmployeeRange V1",
            "VlocityRecordSObjectType": "%vlocity_namespace%__CalculationMatrixVersion__c"
        },
        "%vlocity_namespace%__InputData__c": {
            "NumberOfEmployees": "8120"
        },
        "%vlocity_namespace%__OutputData__c": {
            "ServiceAgents": 82
        },
        "Name": "830433f49030dde24d08f4ebf9de8cf4",
        "VlocityDataPackType": "SObject",
        "VlocityRecordSObjectType": "%vlocity_namespace%__CalculationMatrixRow__c"
    },
    {
        "%vlocity_namespace%__CalculationMatrixVersionId__c": {
            "%vlocity_namespace%__CalculationMatrixId__r.Name": "EmployeeRange",
            "%vlocity_namespace%__VersionNumber__c": 1,
            "VlocityDataPackType": "VlocityMatchingKeyObject",
            "VlocityMatchingRecordSourceKey": "%vlocity_namespace%__CalculationMatrixVersion__c/EmployeeRange V1",
            "VlocityRecordSObjectType": "%vlocity_namespace%__CalculationMatrixVersion__c"
        },
        "%vlocity_namespace%__InputData__c": {
            "NumberOfEmployees": "820"
        },
        "%vlocity_namespace%__OutputData__c": {
            "ServiceAgents": 9
        },
        "Name": "59b062aab2e1653f4bd5d1ab4d12411d",
        "VlocityDataPackType": "SObject",
        "VlocityRecordSObjectType": "%vlocity_namespace%__CalculationMatrixRow__c"
    },
    {
        "%vlocity_namespace%__CalculationMatrixVersionId__c": {
            "%vlocity_namespace%__CalculationMatrixId__r.Name": "EmployeeRange",
            "%vlocity_namespace%__VersionNumber__c": 1,
            "VlocityDataPackType": "VlocityMatchingKeyObject",
            "VlocityMatchingRecordSourceKey": "%vlocity_namespace%__CalculationMatrixVersion__c/EmployeeRange V1",
            "VlocityRecordSObjectType": "%vlocity_namespace%__CalculationMatrixVersion__c"
        },
        "%vlocity_namespace%__InputData__c": {
            "NumberOfEmployees": "8220"
        },
        "%vlocity_namespace%__OutputData__c": {
            "ServiceAgents": 83
        },
        "Name": "38208ad3400b88e6bfdc0e5f92819ea5",
        "VlocityDataPackType": "SObject",
        "VlocityRecordSObjectType": "%vlocity_namespace%__CalculationMatrixRow__c"
    },
    {
        "%vlocity_namespace%__CalculationMatrixVersionId__c": {
            "%vlocity_namespace%__CalculationMatrixId__r.Name": "EmployeeRange",
            "%vlocity_namespace%__VersionNumber__c": 1,
            "VlocityDataPackType": "VlocityMatchingKeyObject",
            "VlocityMatchingRecordSourceKey": "%vlocity_namespace%__CalculationMatrixVersion__c/EmployeeRange V1",
            "VlocityRecordSObjectType": "%vlocity_namespace%__CalculationMatrixVersion__c"
        },
        "%vlocity_namespace%__InputData__c": {
            "NumberOfEmployees": "8320"
        },
        "%vlocity_namespace%__OutputData__c": {
            "ServiceAgents": 84
        },
        "Name": "2293809d44e44abd8df3882a8e6b2d75",
        "VlocityDataPackType": "SObject",
        "VlocityRecordSObjectType": "%vlocity_namespace%__CalculationMatrixRow__c"
    },
    {
        "%vlocity_namespace%__CalculationMatrixVersionId__c": {
            "%vlocity_namespace%__CalculationMatrixId__r.Name": "EmployeeRange",
            "%vlocity_namespace%__VersionNumber__c": 1,
            "VlocityDataPackType": "VlocityMatchingKeyObject",
            "VlocityMatchingRecordSourceKey": "%vlocity_namespace%__CalculationMatrixVersion__c/EmployeeRange V1",
            "VlocityRecordSObjectType": "%vlocity_namespace%__CalculationMatrixVersion__c"
        },
        "%vlocity_namespace%__InputData__c": {
            "NumberOfEmployees": "8420"
        },
        "%vlocity_namespace%__OutputData__c": {
            "ServiceAgents": 85
        },
        "Name": "b7010a0f74170490ce3f50d422c53795",
        "VlocityDataPackType": "SObject",
        "VlocityRecordSObjectType": "%vlocity_namespace%__CalculationMatrixRow__c"
    },
    {
        "%vlocity_namespace%__CalculationMatrixVersionId__c": {
            "%vlocity_namespace%__CalculationMatrixId__r.Name": "EmployeeRange",
            "%vlocity_namespace%__VersionNumber__c": 1,
            "VlocityDataPackType": "VlocityMatchingKeyObject",
            "VlocityMatchingRecordSourceKey": "%vlocity_namespace%__CalculationMatrixVersion__c/EmployeeRange V1",
            "VlocityRecordSObjectType": "%vlocity_namespace%__CalculationMatrixVersion__c"
        },
        "%vlocity_namespace%__InputData__c": {
            "NumberOfEmployees": "8520"
        },
        "%vlocity_namespace%__OutputData__c": {
            "ServiceAgents": 86
        },
        "Name": "35cf4b567fb11f3116d5f9a62b8aa1ad",
        "VlocityDataPackType": "SObject",
        "VlocityRecordSObjectType": "%vlocity_namespace%__CalculationMatrixRow__c"
    },
    {
        "%vlocity_namespace%__CalculationMatrixVersionId__c": {
            "%vlocity_namespace%__CalculationMatrixId__r.Name": "EmployeeRange",
            "%vlocity_namespace%__VersionNumber__c": 1,
            "VlocityDataPackType": "VlocityMatchingKeyObject",
            "VlocityMatchingRecordSourceKey": "%vlocity_namespace%__CalculationMatrixVersion__c/EmployeeRange V1",
            "VlocityRecordSObjectType": "%vlocity_namespace%__CalculationMatrixVersion__c"
        },
        "%vlocity_namespace%__InputData__c": {
            "NumberOfEmployees": "8620"
        },
        "%vlocity_namespace%__OutputData__c": {
            "ServiceAgents": 87
        },
        "Name": "e6a67e179a27bb00a48156bc8e05357c",
        "VlocityDataPackType": "SObject",
        "VlocityRecordSObjectType": "%vlocity_namespace%__CalculationMatrixRow__c"
    },
    {
        "%vlocity_namespace%__CalculationMatrixVersionId__c": {
            "%vlocity_namespace%__CalculationMatrixId__r.Name": "EmployeeRange",
            "%vlocity_namespace%__VersionNumber__c": 1,
            "VlocityDataPackType": "VlocityMatchingKeyObject",
            "VlocityMatchingRecordSourceKey": "%vlocity_namespace%__CalculationMatrixVersion__c/EmployeeRange V1",
            "VlocityRecordSObjectType": "%vlocity_namespace%__CalculationMatrixVersion__c"
        },
        "%vlocity_namespace%__InputData__c": {
            "NumberOfEmployees": "8720"
        },
        "%vlocity_namespace%__OutputData__c": {
            "ServiceAgents": 88
        },
        "Name": "67d14dc0004bff0b3bbe7134b9e271bf",
        "VlocityDataPackType": "SObject",
        "VlocityRecordSObjectType": "%vlocity_namespace%__CalculationMatrixRow__c"
    },
    {
        "%vlocity_namespace%__CalculationMatrixVersionId__c": {
            "%vlocity_namespace%__CalculationMatrixId__r.Name": "EmployeeRange",
            "%vlocity_namespace%__VersionNumber__c": 1,
            "VlocityDataPackType": "VlocityMatchingKeyObject",
            "VlocityMatchingRecordSourceKey": "%vlocity_namespace%__CalculationMatrixVersion__c/EmployeeRange V1",
            "VlocityRecordSObjectType": "%vlocity_namespace%__CalculationMatrixVersion__c"
        },
        "%vlocity_namespace%__InputData__c": {
            "NumberOfEmployees": "8820"
        },
        "%vlocity_namespace%__OutputData__c": {
            "ServiceAgents": 89
        },
        "Name": "d4d5721dbbfa935f63023a38a9fc4a6c",
        "VlocityDataPackType": "SObject",
        "VlocityRecordSObjectType": "%vlocity_namespace%__CalculationMatrixRow__c"
    },
    {
        "%vlocity_namespace%__CalculationMatrixVersionId__c": {
            "%vlocity_namespace%__CalculationMatrixId__r.Name": "EmployeeRange",
            "%vlocity_namespace%__VersionNumber__c": 1,
            "VlocityDataPackType": "VlocityMatchingKeyObject",
            "VlocityMatchingRecordSourceKey": "%vlocity_namespace%__CalculationMatrixVersion__c/EmployeeRange V1",
            "VlocityRecordSObjectType": "%vlocity_namespace%__CalculationMatrixVersion__c"
        },
        "%vlocity_namespace%__InputData__c": {
            "NumberOfEmployees": "8920"
        },
        "%vlocity_namespace%__OutputData__c": {
            "ServiceAgents": 90
        },
        "Name": "9de2330481698e35d464a3059d29a826",
        "VlocityDataPackType": "SObject",
        "VlocityRecordSObjectType": "%vlocity_namespace%__CalculationMatrixRow__c"
    },
    {
        "%vlocity_namespace%__CalculationMatrixVersionId__c": {
            "%vlocity_namespace%__CalculationMatrixId__r.Name": "EmployeeRange",
            "%vlocity_namespace%__VersionNumber__c": 1,
            "VlocityDataPackType": "VlocityMatchingKeyObject",
            "VlocityMatchingRecordSourceKey": "%vlocity_namespace%__CalculationMatrixVersion__c/EmployeeRange V1",
            "VlocityRecordSObjectType": "%vlocity_namespace%__CalculationMatrixVersion__c"
        },
        "%vlocity_namespace%__InputData__c": {
            "NumberOfEmployees": "9020"
        },
        "%vlocity_namespace%__OutputData__c": {
            "ServiceAgents": 91
        },
        "Name": "7f16d97c7233a560e33d76b0236c780d",
        "VlocityDataPackType": "SObject",
        "VlocityRecordSObjectType": "%vlocity_namespace%__CalculationMatrixRow__c"
    },
    {
        "%vlocity_namespace%__CalculationMatrixVersionId__c": {
            "%vlocity_namespace%__CalculationMatrixId__r.Name": "EmployeeRange",
            "%vlocity_namespace%__VersionNumber__c": 1,
            "VlocityDataPackType": "VlocityMatchingKeyObject",
            "VlocityMatchingRecordSourceKey": "%vlocity_namespace%__CalculationMatrixVersion__c/EmployeeRange V1",
            "VlocityRecordSObjectType": "%vlocity_namespace%__CalculationMatrixVersion__c"
        },
        "%vlocity_namespace%__InputData__c": {
            "NumberOfEmployees": "9120"
        },
        "%vlocity_namespace%__OutputData__c": {
            "ServiceAgents": 92
        },
        "Name": "12111477bf64fc8bc8cc108cbf7cf11b",
        "VlocityDataPackType": "SObject",
        "VlocityRecordSObjectType": "%vlocity_namespace%__CalculationMatrixRow__c"
    },
    {
        "%vlocity_namespace%__CalculationMatrixVersionId__c": {
            "%vlocity_namespace%__CalculationMatrixId__r.Name": "EmployeeRange",
            "%vlocity_namespace%__VersionNumber__c": 1,
            "VlocityDataPackType": "VlocityMatchingKeyObject",
            "VlocityMatchingRecordSourceKey": "%vlocity_namespace%__CalculationMatrixVersion__c/EmployeeRange V1",
            "VlocityRecordSObjectType": "%vlocity_namespace%__CalculationMatrixVersion__c"
        },
        "%vlocity_namespace%__InputData__c": {
            "NumberOfEmployees": "920"
        },
        "%vlocity_namespace%__OutputData__c": {
            "ServiceAgents": 10
        },
        "Name": "1af7e95c81bad589793c8ade77711e3b",
        "VlocityDataPackType": "SObject",
        "VlocityRecordSObjectType": "%vlocity_namespace%__CalculationMatrixRow__c"
    },
    {
        "%vlocity_namespace%__CalculationMatrixVersionId__c": {
            "%vlocity_namespace%__CalculationMatrixId__r.Name": "EmployeeRange",
            "%vlocity_namespace%__VersionNumber__c": 1,
            "VlocityDataPackType": "VlocityMatchingKeyObject",
            "VlocityMatchingRecordSourceKey": "%vlocity_namespace%__CalculationMatrixVersion__c/EmployeeRange V1",
            "VlocityRecordSObjectType": "%vlocity_namespace%__CalculationMatrixVersion__c"
        },
        "%vlocity_namespace%__InputData__c": {
            "NumberOfEmployees": "9220"
        },
        "%vlocity_namespace%__OutputData__c": {
            "ServiceAgents": 93
        },
        "Name": "aaaf5bec67b3fa5a29bed55308627d3e",
        "VlocityDataPackType": "SObject",
        "VlocityRecordSObjectType": "%vlocity_namespace%__CalculationMatrixRow__c"
    },
    {
        "%vlocity_namespace%__CalculationMatrixVersionId__c": {
            "%vlocity_namespace%__CalculationMatrixId__r.Name": "EmployeeRange",
            "%vlocity_namespace%__VersionNumber__c": 1,
            "VlocityDataPackType": "VlocityMatchingKeyObject",
            "VlocityMatchingRecordSourceKey": "%vlocity_namespace%__CalculationMatrixVersion__c/EmployeeRange V1",
            "VlocityRecordSObjectType": "%vlocity_namespace%__CalculationMatrixVersion__c"
        },
        "%vlocity_namespace%__InputData__c": {
            "NumberOfEmployees": "9320"
        },
        "%vlocity_namespace%__OutputData__c": {
            "ServiceAgents": 94
        },
        "Name": "dc2510f69a1fe0b4656948d7a04802ba",
        "VlocityDataPackType": "SObject",
        "VlocityRecordSObjectType": "%vlocity_namespace%__CalculationMatrixRow__c"
    },
    {
        "%vlocity_namespace%__CalculationMatrixVersionId__c": {
            "%vlocity_namespace%__CalculationMatrixId__r.Name": "EmployeeRange",
            "%vlocity_namespace%__VersionNumber__c": 1,
            "VlocityDataPackType": "VlocityMatchingKeyObject",
            "VlocityMatchingRecordSourceKey": "%vlocity_namespace%__CalculationMatrixVersion__c/EmployeeRange V1",
            "VlocityRecordSObjectType": "%vlocity_namespace%__CalculationMatrixVersion__c"
        },
        "%vlocity_namespace%__InputData__c": {
            "NumberOfEmployees": "9420"
        },
        "%vlocity_namespace%__OutputData__c": {
            "ServiceAgents": 95
        },
        "Name": "1cc52b969488aac6bd9a087e625452f4",
        "VlocityDataPackType": "SObject",
        "VlocityRecordSObjectType": "%vlocity_namespace%__CalculationMatrixRow__c"
    },
    {
        "%vlocity_namespace%__CalculationMatrixVersionId__c": {
            "%vlocity_namespace%__CalculationMatrixId__r.Name": "EmployeeRange",
            "%vlocity_namespace%__VersionNumber__c": 1,
            "VlocityDataPackType": "VlocityMatchingKeyObject",
            "VlocityMatchingRecordSourceKey": "%vlocity_namespace%__CalculationMatrixVersion__c/EmployeeRange V1",
            "VlocityRecordSObjectType": "%vlocity_namespace%__CalculationMatrixVersion__c"
        },
        "%vlocity_namespace%__InputData__c": {
            "NumberOfEmployees": "9520"
        },
        "%vlocity_namespace%__OutputData__c": {
            "ServiceAgents": 96
        },
        "Name": "48eed93b8e5b7c040db2d5da83e9456a",
        "VlocityDataPackType": "SObject",
        "VlocityRecordSObjectType": "%vlocity_namespace%__CalculationMatrixRow__c"
    },
    {
        "%vlocity_namespace%__CalculationMatrixVersionId__c": {
            "%vlocity_namespace%__CalculationMatrixId__r.Name": "EmployeeRange",
            "%vlocity_namespace%__VersionNumber__c": 1,
            "VlocityDataPackType": "VlocityMatchingKeyObject",
            "VlocityMatchingRecordSourceKey": "%vlocity_namespace%__CalculationMatrixVersion__c/EmployeeRange V1",
            "VlocityRecordSObjectType": "%vlocity_namespace%__CalculationMatrixVersion__c"
        },
        "%vlocity_namespace%__InputData__c": {
            "NumberOfEmployees": "9620"
        },
        "%vlocity_namespace%__OutputData__c": {
            "ServiceAgents": 97
        },
        "Name": "96a51f8a09bed1d7c7f762a7d0ca4eb0",
        "VlocityDataPackType": "SObject",
        "VlocityRecordSObjectType": "%vlocity_namespace%__CalculationMatrixRow__c"
    },
    {
        "%vlocity_namespace%__CalculationMatrixVersionId__c": {
            "%vlocity_namespace%__CalculationMatrixId__r.Name": "EmployeeRange",
            "%vlocity_namespace%__VersionNumber__c": 1,
            "VlocityDataPackType": "VlocityMatchingKeyObject",
            "VlocityMatchingRecordSourceKey": "%vlocity_namespace%__CalculationMatrixVersion__c/EmployeeRange V1",
            "VlocityRecordSObjectType": "%vlocity_namespace%__CalculationMatrixVersion__c"
        },
        "%vlocity_namespace%__InputData__c": {
            "NumberOfEmployees": "9720"
        },
        "%vlocity_namespace%__OutputData__c": {
            "ServiceAgents": 98
        },
        "Name": "185b2aa123a7f2e06b001f64505a202e",
        "VlocityDataPackType": "SObject",
        "VlocityRecordSObjectType": "%vlocity_namespace%__CalculationMatrixRow__c"
    },
    {
        "%vlocity_namespace%__CalculationMatrixVersionId__c": {
            "%vlocity_namespace%__CalculationMatrixId__r.Name": "EmployeeRange",
            "%vlocity_namespace%__VersionNumber__c": 1,
            "VlocityDataPackType": "VlocityMatchingKeyObject",
            "VlocityMatchingRecordSourceKey": "%vlocity_namespace%__CalculationMatrixVersion__c/EmployeeRange V1",
            "VlocityRecordSObjectType": "%vlocity_namespace%__CalculationMatrixVersion__c"
        },
        "%vlocity_namespace%__InputData__c": {
            "NumberOfEmployees": "9820"
        },
        "%vlocity_namespace%__OutputData__c": {
            "ServiceAgents": 99
        },
        "Name": "c8a577c49d06fb3e7190aba5b0465339",
        "VlocityDataPackType": "SObject",
        "VlocityRecordSObjectType": "%vlocity_namespace%__CalculationMatrixRow__c"
    },
    {
        "%vlocity_namespace%__CalculationMatrixVersionId__c": {
            "%vlocity_namespace%__CalculationMatrixId__r.Name": "EmployeeRange",
            "%vlocity_namespace%__VersionNumber__c": 1,
            "VlocityDataPackType": "VlocityMatchingKeyObject",
            "VlocityMatchingRecordSourceKey": "%vlocity_namespace%__CalculationMatrixVersion__c/EmployeeRange V1",
            "VlocityRecordSObjectType": "%vlocity_namespace%__CalculationMatrixVersion__c"
        },
        "%vlocity_namespace%__InputData__c": {
            "NumberOfEmployees": "9920"
        },
        "%vlocity_namespace%__OutputData__c": {
            "ServiceAgents": 100
        },
        "Name": "20fbfebf28131ce15cd5c30960c60869",
        "VlocityDataPackType": "SObject",
        "VlocityRecordSObjectType": "%vlocity_namespace%__CalculationMatrixRow__c"
    }
]