{
    "%vlocity_namespace%__CalculationMatrixId__c": {
        "Name": "EmployeeRange",
        "VlocityDataPackType": "VlocityMatchingKeyObject",
        "VlocityMatchingRecordSourceKey": "%vlocity_namespace%__CalculationMatrix__c/EmployeeRange",
        "VlocityRecordSObjectType": "%vlocity_namespace%__CalculationMatrix__c"
    },
    "%vlocity_namespace%__CalculationMatrixId__r.Name": "EmployeeRange",
    "%vlocity_namespace%__CalculationMatrixRow__c": "EmployeeRange_Version_Rows.json",
    "%vlocity_namespace%__CurrentStatus__c": "Active",
    "%vlocity_namespace%__EndDateTime__c": "",
    "%vlocity_namespace%__Priority__c": 1,
    "%vlocity_namespace%__StartDateTime__c": "2017-08-18T21:19:57.000Z",
    "%vlocity_namespace%__VersionNumber__c": 1,
    "Name": "EmployeeRange V1",
    "VlocityDataPackType": "SObject",
    "VlocityRecordSObjectType": "%vlocity_namespace%__CalculationMatrixVersion__c",
    "VlocityRecordSourceKey": "%vlocity_namespace%__CalculationMatrixVersion__c/EmployeeRange V1"
}