{
  "records": [
    {
      "attributes": {
        "type": "Broker__c",
        "referenceId": "CarolineBrookerRef"
      },
      "name": "Caroline Kingsley",
	   "Title__c": "Senior Broker",
	  "Phone__c": "617-244-3672",
	  "Mobile_Phone__c": "617-244-3672",
	  "Email__c": "caroline@dreamhouse.demo",
	  "Picture__c": "https://s3-us-west-1.amazonaws.com/sfdc-demo/people/caroline_kingsley.jpg"
    },
    {
      "attributes": {
        "type": "Broker__c",
        "referenceId": "MichaelJonesRef"
      },
      "name": "Michael Jones",
      "Title__c": "Senior Broker",
	  "Phone__c": "617-244-3672",
	  "Mobile_Phone__c": "617-244-3672",
	  "Email__c": "michael@dreamhouse.demo",
	  "Picture__c": "https://s3-us-west-1.amazonaws.com/sfdc-demo/people/michael_jones.jpg"
    },
    {
      "attributes": {
        "type": "Broker__c",
        "referenceId": "JonathanBradleyRef"
      },
      "name": "Jonathan Bradley",
      "Title__c": "Senior Broker",
      "Phone__c": "617-244-3672",
      "Mobile_Phone__c": "617-244-3672",
      "Email__c": "jonathan@dreamhouse.demo",
      "Picture__c": "https://s3-us-west-1.amazonaws.com/sfdc-demo/people/jonathan_bradley.jpg"
    },
    {
      "attributes": {
        "type": "Broker__c",
        "referenceId": "JenniferWuRef"
      },
      "name": "Jennifer Wu",
      "Title__c": "Senior Broker",
      "Phone__c": "617-244-3672",
      "Mobile_Phone__c": "617-244-3672",
      "Email__c": "jen@dreamhouse.demo",
      "Picture__c": "https://s3-us-west-1.amazonaws.com/sfdc-demo/people/jennifer_wu.jpg"
    },
    {
      "attributes": {
        "type": "Broker__c",
        "referenceId": "OliviaGreenRef"
      },
      "name": "Olivia Green",
      "Title__c": "Senior Broker",
      "Phone__c": "617-244-3672",
      "Mobile_Phone__c": "617-244-3672",
      "Email__c": "olivia@dreamhouse.demo",
      "Picture__c": "https://s3-us-west-1.amazonaws.com/sfdc-demo/people/olivia_green.jpg"
    },
    {
      "attributes": {
        "type": "Broker__c",
        "referenceId": "MiriamAupontRef"
      },
      "name": "Miriam Aupont",
      "Title__c": "Senior Broker",
      "Phone__c": "617-244-3672",
      "Mobile_Phone__c": "617-244-3672",
      "Email__c": "miriam@dreamhouse.demo",
      "Picture__c": "https://s3-us-west-1.amazonaws.com/sfdc-demo/people/miriam_aupont.jpg"
    },
    {
      "attributes": {
        "type": "Broker__c",
        "referenceId": "MichelleLambertRef"
      },
      "name": "Michelle Lambert",
      "Title__c": "Senior Broker",
      "Phone__c": "617-244-3672",
      "Mobile_Phone__c": "617-244-3672",
      "Email__c": "michelle@dreamhouse.demo",
      "Picture__c": "https://s3-us-west-1.amazonaws.com/sfdc-demo/people/michelle_lambert.jpg"
    },
    {
      "attributes": {
        "type": "Broker__c",
        "referenceId": "SeniorBrokerRef"
      },
      "name": "Victor Ochoa",
      "Title__c": "Senior Broker",
      "Phone__c": "617-244-3672",
      "Mobile_Phone__c": "617-244-3672",
      "Email__c": "victor@dreamhouse.demo",
      "Picture__c": "https://s3-us-west-1.amazonaws.com/sfdc-demo/people/victor_ochoa.jpg"
    }
  ]
}
