{
    "%vlocity_namespace%__Active__c": true,
    "%vlocity_namespace%__Level__c": 1,
    "%vlocity_namespace%__OmniScriptId__c": {
        "Name": "SAMPLE VPL Account Change Address",
        "VlocityDataPackType": "VlocityMatchingKeyObject",
        "VlocityMatchingRecordSourceKey": "%vlocity_namespace%__OmniScript__c/Sample/Account Change Address/English",
        "VlocityRecordSObjectType": "%vlocity_namespace%__OmniScript__c"
    },
    "%vlocity_namespace%__Order__c": 4,
    "%vlocity_namespace%__ParentElementId__c": {
        "%vlocity_namespace%__OmniScriptId__c": "%vlocity_namespace%__OmniScript__c/Sample/Account Change Address/English",
        "Name": "AddressChange",
        "VlocityDataPackType": "VlocityMatchingKeyObject",
        "VlocityMatchingRecordSourceKey": "%vlocity_namespace%__Element__c/%vlocity_namespace%__OmniScript__c/Sample/Account Change Address/English/AddressChange",
        "VlocityRecordSObjectType": "%vlocity_namespace%__Element__c"
    },
    "%vlocity_namespace%__ParentElementName__c": "AddressChange",
    "%vlocity_namespace%__ParentElementType__c": "Step",
    "%vlocity_namespace%__PropertySet__c": {
        "HTMLTemplateId": "",
        "accessibleInFutureSteps": false,
        "callFrequency": 300,
        "conditionType": "Hide if False",
        "controlWidth": 3,
        "dataJsonPath": "",
        "dataProcessorFunction": "",
        "debounceValue": 0,
        "editMode": false,
        "enableGoogleMapsAutocomplete": false,
        "enableLookup": false,
        "googleAddressCountry": "all",
        "googleMapsAPIKey": "",
        "googleTransformation": {
            "administrative_area_level_1": "",
            "country": "",
            "locality": "",
            "postal_code": "",
            "street": ""
        },
        "help": false,
        "helpText": "",
        "hideEditButton": false,
        "hideMap": true,
        "label": "New Primary Contact",
        "maxLength": 255,
        "minLength": 0,
        "newItemLabel": "New",
        "readOnly": false,
        "required": true,
        "show": {
            "group": {
                "operator": "AND",
                "rules": [
                    {
                        "condition": "=",
                        "data": "true",
                        "field": "ChkBxChngPriContact"
                    }
                ]
            }
        },
        "typeAheadKey": "ContactNameTypeAhead",
        "useDataJson": false
    },
    "%vlocity_namespace%__ReusableOmniScript__c": false,
    "%vlocity_namespace%__Type__c": "Type Ahead Block",
    "Name": "TypeAheadPriContact",
    "VlocityDataPackType": "SObject",
    "VlocityRecordSObjectType": "%vlocity_namespace%__Element__c",
    "VlocityRecordSourceKey": "%vlocity_namespace%__Element__c/%vlocity_namespace%__OmniScript__c/Sample/Account Change Address/English/TypeAheadPriContact"
}