{
    "%vlocity_namespace%__Active__c": true,
    "%vlocity_namespace%__Level__c": 1,
    "%vlocity_namespace%__OmniScriptId__c": {
        "Name": "SAMPLE VPL Account Change Address",
        "VlocityDataPackType": "VlocityMatchingKeyObject",
        "VlocityMatchingRecordSourceKey": "%vlocity_namespace%__OmniScript__c/Sample/Account Change Address/English",
        "VlocityRecordSObjectType": "%vlocity_namespace%__OmniScript__c"
    },
    "%vlocity_namespace%__Order__c": 1,
    "%vlocity_namespace%__ParentElementId__c": {
        "%vlocity_namespace%__OmniScriptId__c": "%vlocity_namespace%__OmniScript__c/Sample/Account Change Address/English",
        "Name": "UpdateComplete",
        "VlocityDataPackType": "VlocityMatchingKeyObject",
        "VlocityMatchingRecordSourceKey": "%vlocity_namespace%__Element__c/%vlocity_namespace%__OmniScript__c/Sample/Account Change Address/English/UpdateComplete",
        "VlocityRecordSObjectType": "%vlocity_namespace%__Element__c"
    },
    "%vlocity_namespace%__ParentElementName__c": "UpdateComplete",
    "%vlocity_namespace%__ParentElementType__c": "Step",
    "%vlocity_namespace%__PropertySet__c": {
        "cancelLabel": "Cancel",
        "cancelMessage": "Are you sure?",
        "completeLabel": "Complete",
        "completeMessage": "Are you sure you want to complete the script?",
        "conditionType": "Hide if False",
        "controlWidth": 12,
        "dataJSON": false,
        "knowledgeOptions": {
            "dataCategoryCriteria": "",
            "keyword": "",
            "language": "English",
            "publishStatus": "Online",
            "remoteTimeout": 30000
        },
        "label": null,
        "nextLabel": "Next",
        "nextWidth": 3,
        "previousLabel": "Previous",
        "previousWidth": 3,
        "remoteOptions": {
        },
        "remoteTimeout": 30000,
        "saveLabel": "Save for later",
        "saveMessage": "Are you sure you want to save it for later?",
        "show": null,
        "showPersistentComponent": [
            false
        ],
        "text": "<p>The address update is complete. Click <strong>Done</strong> to view the&nbsp;updated record for %AccountName%.</p>",
        "validationRequired": true
    },
    "%vlocity_namespace%__ReusableOmniScript__c": false,
    "%vlocity_namespace%__Type__c": "Text Block",
    "Name": "TxtUpdateComplete",
    "VlocityDataPackType": "SObject",
    "VlocityRecordSObjectType": "%vlocity_namespace%__Element__c",
    "VlocityRecordSourceKey": "%vlocity_namespace%__Element__c/%vlocity_namespace%__OmniScript__c/Sample/Account Change Address/English/TxtUpdateComplete"
}