{
    "%vlocity_namespace%__Active__c": true,
    "%vlocity_namespace%__InternalNotes__c": "Displays Shipping Address details as returned from the ReadAccountDetail DR Extract",
    "%vlocity_namespace%__Level__c": 1,
    "%vlocity_namespace%__OmniScriptId__c": {
        "Name": "SAMPLE VPL Account Change Address",
        "VlocityDataPackType": "VlocityMatchingKeyObject",
        "VlocityMatchingRecordSourceKey": "%vlocity_namespace%__OmniScript__c/Sample/Account Change Address/English",
        "VlocityRecordSObjectType": "%vlocity_namespace%__OmniScript__c"
    },
    "%vlocity_namespace%__Order__c": 2,
    "%vlocity_namespace%__ParentElementId__c": {
        "%vlocity_namespace%__OmniScriptId__c": "%vlocity_namespace%__OmniScript__c/Sample/Account Change Address/English",
        "Name": "UpdateComplete",
        "VlocityDataPackType": "VlocityMatchingKeyObject",
        "VlocityMatchingRecordSourceKey": "%vlocity_namespace%__Element__c/%vlocity_namespace%__OmniScript__c/Sample/Account Change Address/English/UpdateComplete",
        "VlocityRecordSObjectType": "%vlocity_namespace%__Element__c"
    },
    "%vlocity_namespace%__ParentElementName__c": "UpdateComplete",
    "%vlocity_namespace%__ParentElementType__c": "Step",
    "%vlocity_namespace%__PropertySet__c": {
        "HTMLTemplateId": "",
        "controlWidth": 7,
        "dataJSON": false,
        "label": "New Account Address Information",
        "show": null,
        "text": "<table style=\"height: 90px; background-color: #e5f8fe; border-color: #595959;\" border=\"1\" width=\"400\">\n<tbody>\n<tr>\n<td style=\"width: 399px; padding-left: 30px;\">\n<p></p>\n<h1><strong>Account</strong></h1>\n<p>&nbsp;</p>\n<p>%AccountName% &nbsp;</p>\n<p>Phone: %AccountPhone% &nbsp;</p>\n<p>Fax: &nbsp;&nbsp;&nbsp;&nbsp;&nbsp;&nbsp;%AccountFax%</p>\n<p>Number of Employees: %AcctEmployeeCount%</p>\n<p>Primary Contact Name: %PriContactName%</p>\n<p>Primary Contact Email: &nbsp;%PriContactEmail%</p>\n<p>&nbsp;</p>\n<p>Billing Address:</p>\n<p>%BillingStreet%</p>\n<p>%BillingCity%, %BillingState%</p>\n<p>%BillingZip%</p>\n<p>&nbsp;</p>\n<p>Shipping Address:</p>\n<p>%ShippingStreet%</p>\n<p>%ShippingCity%, %ShippingState%</p>\n<p><span style=\"color: #595959;\">%ShippingZip%</span></p>\n</td>\n</tr>\n</tbody>\n</table>"
    },
    "%vlocity_namespace%__ReusableOmniScript__c": false,
    "%vlocity_namespace%__Type__c": "Text Block",
    "Name": "TxtNewAddress",
    "VlocityDataPackType": "SObject",
    "VlocityRecordSObjectType": "%vlocity_namespace%__Element__c",
    "VlocityRecordSourceKey": "%vlocity_namespace%__Element__c/%vlocity_namespace%__OmniScript__c/Sample/Account Change Address/English/TxtNewAddress"
}