{
    "%vlocity_namespace%__Active__c": true,
    "%vlocity_namespace%__Level__c": 0,
    "%vlocity_namespace%__OmniScriptId__c": {
        "Name": "SAMPLE VPL Account Change Address",
        "VlocityDataPackType": "VlocityMatchingKeyObject",
        "VlocityMatchingRecordSourceKey": "%vlocity_namespace%__OmniScript__c/Sample/Account Change Address/English",
        "VlocityRecordSObjectType": "%vlocity_namespace%__OmniScript__c"
    },
    "%vlocity_namespace%__Order__c": 6,
    "%vlocity_namespace%__PropertySet__c": {
        "HTMLTemplateId": "",
        "controlWidth": 12,
        "elementErrorMap": {
            "MatchBillingShipping": "Billing Address is required",
            "UpdateBillingAddress": "Billing Address is required"
        },
        "label": "Set Errors a Valid Billing Address",
        "message": {
        },
        "show": {
            "group": {
                "operator": "AND",
                "rules": [
                    {
                        "condition": "=",
                        "data": "AddressNotValid",
                        "field": "FormulaValidAddress"
                    }
                ]
            }
        },
        "showPersistentComponent": [
            false
        ],
        "ssm": false,
        "validationRequired": "None",
        "wpm": false
    },
    "%vlocity_namespace%__ReusableOmniScript__c": false,
    "%vlocity_namespace%__Type__c": "Set Errors",
    "Name": "SetErrorsValidAddress",
    "VlocityDataPackType": "SObject",
    "VlocityRecordSObjectType": "%vlocity_namespace%__Element__c",
    "VlocityRecordSourceKey": "%vlocity_namespace%__Element__c/%vlocity_namespace%__OmniScript__c/Sample/Account Change Address/English/SetErrorsValidAddress"
}