<?xml version="1.0" encoding="UTF-8"?>
<FlexiPage xmlns="http://soap.sforce.com/2006/04/metadata">
    <flexiPageRegions>
        <name>region1</name>
        <type>Region</type>
    </flexiPageRegions>
    <flexiPageRegions>
        <componentInstances>
            <componentName>PropertyListDaysOnMarketChart</componentName>
        </componentInstances>
        <name>region2</name>
        <type>Region</type>
    </flexiPageRegions>
    <flexiPageRegions>
        <componentInstances>
            <componentName>PropertySummary</componentName>
        </componentInstances>
        <componentInstances>
            <componentName>SmartPriceCalculator</componentName>
        </componentInstances>
        <componentInstances>
            <componentName>DaysOnMarketEstimator</componentName>
        </componentInstances>
        <name>region3</name>
        <type>Region</type>
    </flexiPageRegions>
    <masterLabel>Command Center</masterLabel>
    <template>
        <name>flexipage:appHomeTemplateHeaderTwoColumns</name>
    </template>
    <type>AppPage</type>
</FlexiPage>
