<?xml version="1.0" encoding="UTF-8"?>
<FlexiPage xmlns="http://soap.sforce.com/2006/04/metadata">
    <flexiPageRegions>
        <componentInstances>
            <componentInstanceProperties>
                <name>modelId</name>
                <value>ILSBYG2YGPO2COQFQS5ILJVVUE</value>
            </componentInstanceProperties>
            <componentName>EinsteinVisionCard</componentName>
        </componentInstances>
        <componentInstances>
            <componentInstanceProperties>
                <name>pageSize</name>
                <value>8</value>
            </componentInstanceProperties>
            <componentName>PropertyTileList</componentName>
        </componentInstances>
        <name>main</name>
        <type>Region</type>
    </flexiPageRegions>
    <masterLabel>House Explorer</masterLabel>
    <template>
        <name>flexipage:defaultAppHomeTemplate</name>
    </template>
    <type>AppPage</type>
</FlexiPage>
