<?xml version="1.0" encoding="UTF-8"?>
<FlexiPage xmlns="http://soap.sforce.com/2006/04/metadata">
    <flexiPageRegions>
        <componentInstances>
            <componentInstanceProperties>
                <name>collapsed</name>
                <value>false</value>
            </componentInstanceProperties>
            <componentName>force:highlightsPanel</componentName>
        </componentInstances>
        <componentInstances>
            <componentInstanceProperties>
                <name>hideUpdateButton</name>
                <value>false</value>
            </componentInstanceProperties>
            <componentName>runtime_sales_pathassistant:pathAssistant</componentName>
        </componentInstances>
        <mode>Replace</mode>
        <name>header</name>
        <type>Region</type>
    </flexiPageRegions>
    <flexiPageRegions>
        <componentInstances>
            <componentName>force:relatedListContainer</componentName>
        </componentInstances>
        <mode>Replace</mode>
        <name>relatedTabContent</name>
        <type>Facet</type>
    </flexiPageRegions>
    <flexiPageRegions>
        <componentInstances>
            <componentName>force:detailPanel</componentName>
        </componentInstances>
        <mode>Replace</mode>
        <name>detailTabContent</name>
        <type>Facet</type>
    </flexiPageRegions>
    <flexiPageRegions>
        <componentInstances>
            <componentInstanceProperties>
                <name>context</name>
                <value>RECORD</value>
            </componentInstanceProperties>
            <componentName>forceChatter:publisher</componentName>
        </componentInstances>
        <componentInstances>
            <componentInstanceProperties>
                <name>context</name>
                <value>RECORD</value>
            </componentInstanceProperties>
            <componentName>forceChatter:exposedFeed</componentName>
        </componentInstances>
        <name>facet-b6179bf2-9b0b-4965-9236-b467ab38abb6</name>
        <type>Facet</type>
    </flexiPageRegions>
    <flexiPageRegions>
        <componentInstances>
            <componentInstanceProperties>
                <name>body</name>
                <value>relatedTabContent</value>
            </componentInstanceProperties>
            <componentInstanceProperties>
                <name>title</name>
                <value>Standard.Tab.relatedLists</value>
            </componentInstanceProperties>
            <componentName>flexipage:tab</componentName>
        </componentInstances>
        <componentInstances>
            <componentInstanceProperties>
                <name>active</name>
                <value>true</value>
            </componentInstanceProperties>
            <componentInstanceProperties>
                <name>body</name>
                <value>detailTabContent</value>
            </componentInstanceProperties>
            <componentInstanceProperties>
                <name>title</name>
                <value>Standard.Tab.detail</value>
            </componentInstanceProperties>
            <componentName>flexipage:tab</componentName>
        </componentInstances>
        <componentInstances>
            <componentInstanceProperties>
                <name>body</name>
                <value>facet-b6179bf2-9b0b-4965-9236-b467ab38abb6</value>
            </componentInstanceProperties>
            <componentInstanceProperties>
                <name>title</name>
                <value>Standard.Tab.collaborate</value>
            </componentInstanceProperties>
            <componentName>flexipage:tab</componentName>
        </componentInstances>
        <mode>Replace</mode>
        <name>maintabs</name>
        <type>Facet</type>
    </flexiPageRegions>
    <flexiPageRegions>
        <componentInstances>
            <componentInstanceProperties>
                <name>tabs</name>
                <value>maintabs</value>
            </componentInstanceProperties>
            <componentName>flexipage:tabset</componentName>
        </componentInstances>
        <mode>Replace</mode>
        <name>main</name>
        <type>Region</type>
    </flexiPageRegions>
    <flexiPageRegions>
        <componentInstances>
            <componentName>PropertyDaysOnMarketChart</componentName>
        </componentInstances>
        <componentInstances>
            <componentInstanceProperties>
                <name>latField</name>
                <value>Location__Latitude__s</value>
            </componentInstanceProperties>
            <componentInstanceProperties>
                <name>longField</name>
                <value>Location__Longitude__s</value>
            </componentInstanceProperties>
            <componentInstanceProperties>
                <name>titleField</name>
                <value>Name</value>
            </componentInstanceProperties>
            <componentName>MapCard</componentName>
        </componentInstances>
        <componentInstances>
            <componentInstanceProperties>
                <name>animations</name>
                <value>true</value>
            </componentInstanceProperties>
            <componentName>PictureGalleryCard</componentName>
        </componentInstances>
        <componentInstances>
            <componentInstanceProperties>
                <name>searchCriteria</name>
                <value>Price</value>
            </componentInstanceProperties>
            <componentName>SimilarProperties</componentName>
        </componentInstances>
        <mode>Replace</mode>
        <name>sidebar</name>
        <type>Region</type>
    </flexiPageRegions>
    <masterLabel>Property Record Page</masterLabel>
    <parentFlexiPage>flexipage__default_rec_L</parentFlexiPage>
    <sobjectType>Property__c</sobjectType>
    <template>
        <name>flexipage:recordHomeTemplateDesktop</name>
    </template>
    <type>RecordPage</type>
</FlexiPage>
