<?xml version="1.0" encoding="UTF-8"?>
<FlexiPage xmlns="http://soap.sforce.com/2006/04/metadata">
    <flexiPageRegions>
        <componentInstances>
            <componentInstanceProperties>
                <name>max</name>
                <value>1200000</value>
            </componentInstanceProperties>
            <componentInstanceProperties>
                <name>min</name>
                <value>200000</value>
            </componentInstanceProperties>
            <componentInstanceProperties>
                <name>step</name>
                <value>50000</value>
            </componentInstanceProperties>
            <componentName>PriceRange</componentName>
        </componentInstances>
        <componentInstances>
            <componentInstanceProperties>
                <name>pageSize</name>
                <value>8</value>
            </componentInstanceProperties>
            <componentName>PropertyTileList</componentName>
        </componentInstances>
        <name>region1</name>
        <type>Region</type>
    </flexiPageRegions>
    <flexiPageRegions>
        <componentInstances>
            <componentName>PropertySummary</componentName>
        </componentInstances>
        <componentInstances>
            <componentName>PropertyDaysOnMarketChart</componentName>
        </componentInstances>
        <name>region2</name>
        <type>Region</type>
    </flexiPageRegions>
    <flexiPageRegions>
        <componentInstances>
            <componentInstanceProperties>
                <name>latField</name>
                <value>Location__Latitude__s</value>
            </componentInstanceProperties>
            <componentInstanceProperties>
                <name>longField</name>
                <value>Location__Longitude__s</value>
            </componentInstanceProperties>
            <componentInstanceProperties>
                <name>titleField</name>
                <value>Name</value>
            </componentInstanceProperties>
            <componentName>MapCard</componentName>
        </componentInstances>
        <name>region3</name>
        <type>Region</type>
    </flexiPageRegions>
    <masterLabel>Property Explorer</masterLabel>
    <template>
        <name>flexipage:appHomeTemplateTwoColumnsStacked</name>
    </template>
    <type>AppPage</type>
</FlexiPage>
