{
    "%vlocity_namespace%__Active__c": true,
    "%vlocity_namespace%__Level__c": 1,
    "%vlocity_namespace%__OmniScriptId__c": {
        "Name": "XOM Thor Manual Task",
        "VlocityDataPackType": "VlocityMatchingKeyObject",
        "VlocityMatchingRecordSourceKey": "%vlocity_namespace%__OmniScript__c/XOM/Thor Manual Task Update/English",
        "VlocityRecordSObjectType": "%vlocity_namespace%__OmniScript__c"
    },
    "%vlocity_namespace%__Order__c": 4,
    "%vlocity_namespace%__ParentElementId__c": {
        "%vlocity_namespace%__OmniScriptId__c": "%vlocity_namespace%__OmniScript__c/XOM/Thor Manual Task Update/English",
        "Name": "Manual Queue Task",
        "VlocityDataPackType": "VlocityMatchingKeyObject",
        "VlocityMatchingRecordSourceKey": "%vlocity_namespace%__Element__c/%vlocity_namespace%__OmniScript__c/XOM/Thor Manual Task Update/English/Manual Queue Task",
        "VlocityRecordSObjectType": "%vlocity_namespace%__Element__c"
    },
    "%vlocity_namespace%__ParentElementName__c": "Manual Queue Task",
    "%vlocity_namespace%__ParentElementType__c": "Step",
    "%vlocity_namespace%__PropertySet__c": {
        "HTMLTemplateId": "",
        "accessibleInFutureSteps": false,
        "controlWidth": 2,
        "dataJSON": false,
        "extraPayload": {
        },
        "failureAbortLabel": "Abort",
        "failureAbortMessage": "Are you sure?",
        "failureNextLabel": "Continue",
        "inProgressMessage": "In Progress",
        "itemsKey": "recSet",
        "label": "Complete",
        "maxCompareSize": 4,
        "message": {
        },
        "modalConfigurationSetting": {
            "modalController": "ModalProductCtrl",
            "modalHTMLTemplateId": "vlcProductConfig.html",
            "modalSize": "lg"
        },
        "modalController": "ModalInstanceCtrl",
        "modalHTMLTemplateId": "vlcModalContent.html",
        "namedCredential": "",
        "postMessage": "Done",
        "postTransformBundle": "",
        "preTransformBundle": "",
        "redirectNextLabel": "Next",
        "redirectNextWidth": 3,
        "redirectPageName": "",
        "redirectPreviousLabel": "",
        "redirectPreviousWidth": 0,
        "redirectTemplateUrl": "vlcAcknowledge.html",
        "remoteOptions": {
            "postTransformBundle": "",
            "preTransformBundle": ""
        },
        "remoteTimeout": 30000,
        "responseJSONNode": "completeTaskDetails",
        "responseJSONPath": "",
        "restMethod": "GET",
        "restOptions": {
            "URIEncode": false,
            "cache": false,
            "headers": {
            },
            "params": {
            },
            "sendBody": true,
            "timeout": null,
            "withCredentials": true
        },
        "restPath": "%uiServicesUrl%/ordermanagement/v1/tasks/%taskId%/complete",
        "selectMode": "Single",
        "sendJSONNode": "",
        "sendJSONPath": "",
        "show": {
            "group": {
                "operator": "AND",
                "rules": [
                    {
                        "condition": "=",
                        "data": "DoComplete",
                        "field": "CompleteFormula"
                    }
                ]
            }
        },
        "showPersistentComponent": [
            true,
            true
        ],
        "ssm": false,
        "type": "Web",
        "validationRequired": null,
        "wpm": true,
        "xmlPostTransformBundle": "",
        "xmlPreTransformBundle": ""
    },
    "%vlocity_namespace%__ReusableOmniScript__c": false,
    "%vlocity_namespace%__Type__c": "Rest Action",
    "Name": "Complete",
    "VlocityDataPackType": "SObject",
    "VlocityRecordSObjectType": "%vlocity_namespace%__Element__c",
    "VlocityRecordSourceKey": "%vlocity_namespace%__Element__c/%vlocity_namespace%__OmniScript__c/XOM/Thor Manual Task Update/English/Complete"
}