{
    "%vlocity_namespace%__Active__c": true,
    "%vlocity_namespace%__Level__c": 1,
    "%vlocity_namespace%__OmniScriptId__c": {
        "Name": "XOM Thor Manual Task",
        "VlocityDataPackType": "VlocityMatchingKeyObject",
        "VlocityMatchingRecordSourceKey": "%vlocity_namespace%__OmniScript__c/XOM/Thor Manual Task Update/English",
        "VlocityRecordSObjectType": "%vlocity_namespace%__OmniScript__c"
    },
    "%vlocity_namespace%__Order__c": 3,
    "%vlocity_namespace%__ParentElementId__c": {
        "%vlocity_namespace%__OmniScriptId__c": "%vlocity_namespace%__OmniScript__c/XOM/Thor Manual Task Update/English",
        "Name": "Manual Queue Task",
        "VlocityDataPackType": "VlocityMatchingKeyObject",
        "VlocityMatchingRecordSourceKey": "%vlocity_namespace%__Element__c/%vlocity_namespace%__OmniScript__c/XOM/Thor Manual Task Update/English/Manual Queue Task",
        "VlocityRecordSObjectType": "%vlocity_namespace%__Element__c"
    },
    "%vlocity_namespace%__ParentElementName__c": "Manual Queue Task",
    "%vlocity_namespace%__ParentElementType__c": "Step",
    "%vlocity_namespace%__PropertySet__c": {
        "HTMLTemplateId": "",
        "controlWidth": 12,
        "currencySymbol": "$",
        "dataType": "Text",
        "dateFormat": "MM-dd-yyyy",
        "disOnTplt": false,
        "expression": "IF((%showtaskdetails:data:state%=='Pending'||%showtaskdetails:data:state%=='Failed'||%showtaskdetails:data:state%=='Ready'||%showtaskdetails:data:state%=='Fatally Failed'||%showtaskdetails:data:state%=='In Progress'||%showtaskdetails:data:state%=='Draft'||%showtaskdetails:data:state%=='Running')&&((%showtaskdetails:data:parameters:Assigned To Manual Queue Global Key%!=NULL)||(%showtaskdetails:data:parameters:Manual Queue Global Key%!=NULL)), 'DoComplete','DonotComplete')",
        "extraPayload": {
        },
        "failureAbortLabel": "Abort",
        "failureAbortMessage": "Are you sure?",
        "failureNextLabel": "Continue",
        "hide": true,
        "hideGroupSep": false,
        "inProgressMessage": "In Progress",
        "inputWidth": 12,
        "label": "Formula 1",
        "mask": null,
        "message": {
        },
        "postMessage": "Done",
        "redirectNextLabel": "Next",
        "redirectNextWidth": 3,
        "redirectPreviousLabel": "Previous",
        "redirectPreviousWidth": 3,
        "redirectTemplateUrl": "vlcAcknowledge.html",
        "restOptions": {
            "URIEncode": false,
            "cache": false,
            "headers": {
            },
            "params": {
            },
            "sendBody": true,
            "timeout": null,
            "withCredentials": false
        },
        "show": null,
        "showInputWidth": false,
        "showPersistentComponent": [
            false,
            false
        ],
        "ssm": false,
        "type": "Apex",
        "validationRequired": "Step",
        "wpm": false
    },
    "%vlocity_namespace%__ReusableOmniScript__c": false,
    "%vlocity_namespace%__Type__c": "Formula",
    "Name": "CompleteFormula",
    "VlocityDataPackType": "SObject",
    "VlocityRecordSObjectType": "%vlocity_namespace%__Element__c",
    "VlocityRecordSourceKey": "%vlocity_namespace%__Element__c/%vlocity_namespace%__OmniScript__c/XOM/Thor Manual Task Update/English/CompleteFormula"
}