[
    {
        "%vlocity_namespace%__DomainObjectAPIName__c": "json",
        "%vlocity_namespace%__DomainObjectCreationOrder__c": 1,
        "%vlocity_namespace%__DomainObjectFieldAPIName__c": "input:BasePrice",
        "%vlocity_namespace%__InterfaceFieldAPIName__c": "ServiceProduct:ProductUnitPrice",
        "%vlocity_namespace%__IsDisabled__c": false,
        "%vlocity_namespace%__IsRequiredForUpsert__c": false,
        "%vlocity_namespace%__MapId__c": "PreTransZipWageCustom1070",
        "%vlocity_namespace%__UpsertKey__c": false,
        "Name": "PreTransZipWage",
        "VlocityDataPackType": "SObject",
        "VlocityRecordSObjectType": "%vlocity_namespace%__DRMapItem__c"
    },
    {
        "%vlocity_namespace%__DomainObjectAPIName__c": "json",
        "%vlocity_namespace%__DomainObjectCreationOrder__c": 1,
        "%vlocity_namespace%__DomainObjectFieldAPIName__c": "input:NumberOfEmployees",
        "%vlocity_namespace%__InterfaceFieldAPIName__c": "StepPriceInputs:NumberOfEmployees",
        "%vlocity_namespace%__IsDisabled__c": false,
        "%vlocity_namespace%__IsRequiredForUpsert__c": false,
        "%vlocity_namespace%__MapId__c": "PreTransZipWageCustom1893",
        "%vlocity_namespace%__UpsertKey__c": false,
        "Name": "PreTransZipWage",
        "VlocityDataPackType": "SObject",
        "VlocityRecordSObjectType": "%vlocity_namespace%__DRMapItem__c"
    },
    {
        "%vlocity_namespace%__DomainObjectAPIName__c": "json",
        "%vlocity_namespace%__DomainObjectCreationOrder__c": 1,
        "%vlocity_namespace%__DomainObjectFieldAPIName__c": "input:ProductCode",
        "%vlocity_namespace%__InterfaceFieldAPIName__c": "ServiceProduct:ProductCode",
        "%vlocity_namespace%__IsDisabled__c": false,
        "%vlocity_namespace%__IsRequiredForUpsert__c": false,
        "%vlocity_namespace%__MapId__c": "PreTransZipWageCustom8835",
        "%vlocity_namespace%__UpsertKey__c": false,
        "Name": "PreTransZipWage",
        "VlocityDataPackType": "SObject",
        "VlocityRecordSObjectType": "%vlocity_namespace%__DRMapItem__c"
    },
    {
        "%vlocity_namespace%__DomainObjectAPIName__c": "json",
        "%vlocity_namespace%__DomainObjectCreationOrder__c": 1,
        "%vlocity_namespace%__DomainObjectFieldAPIName__c": "input:ProductDescription",
        "%vlocity_namespace%__InterfaceFieldAPIName__c": "ServiceProduct:ProductDescription",
        "%vlocity_namespace%__IsDisabled__c": false,
        "%vlocity_namespace%__IsRequiredForUpsert__c": false,
        "%vlocity_namespace%__MapId__c": "PreTransZipWageCustom6292",
        "%vlocity_namespace%__UpsertKey__c": false,
        "Name": "PreTransZipWage",
        "VlocityDataPackType": "SObject",
        "VlocityRecordSObjectType": "%vlocity_namespace%__DRMapItem__c"
    },
    {
        "%vlocity_namespace%__DomainObjectAPIName__c": "json",
        "%vlocity_namespace%__DomainObjectCreationOrder__c": 1,
        "%vlocity_namespace%__DomainObjectFieldAPIName__c": "input:ProductId",
        "%vlocity_namespace%__InterfaceFieldAPIName__c": "ServiceProduct:ProductId",
        "%vlocity_namespace%__IsDisabled__c": false,
        "%vlocity_namespace%__IsRequiredForUpsert__c": false,
        "%vlocity_namespace%__MapId__c": "PreTransZipWageCustom4651",
        "%vlocity_namespace%__UpsertKey__c": false,
        "Name": "PreTransZipWage",
        "VlocityDataPackType": "SObject",
        "VlocityRecordSObjectType": "%vlocity_namespace%__DRMapItem__c"
    },
    {
        "%vlocity_namespace%__DomainObjectAPIName__c": "json",
        "%vlocity_namespace%__DomainObjectCreationOrder__c": 1,
        "%vlocity_namespace%__DomainObjectFieldAPIName__c": "input:ProductImage",
        "%vlocity_namespace%__InterfaceFieldAPIName__c": "ServiceProduct:ProductImage",
        "%vlocity_namespace%__IsDisabled__c": false,
        "%vlocity_namespace%__IsRequiredForUpsert__c": false,
        "%vlocity_namespace%__MapId__c": "PreTransZipWageCustom777",
        "%vlocity_namespace%__UpsertKey__c": false,
        "Name": "PreTransZipWage",
        "VlocityDataPackType": "SObject",
        "VlocityRecordSObjectType": "%vlocity_namespace%__DRMapItem__c"
    },
    {
        "%vlocity_namespace%__DomainObjectAPIName__c": "json",
        "%vlocity_namespace%__DomainObjectCreationOrder__c": 1,
        "%vlocity_namespace%__DomainObjectFieldAPIName__c": "input:ProductName",
        "%vlocity_namespace%__InterfaceFieldAPIName__c": "ServiceProduct:ProductName",
        "%vlocity_namespace%__IsDisabled__c": false,
        "%vlocity_namespace%__IsRequiredForUpsert__c": false,
        "%vlocity_namespace%__MapId__c": "PreTransZipWageCustom2546",
        "%vlocity_namespace%__UpsertKey__c": false,
        "Name": "PreTransZipWage",
        "VlocityDataPackType": "SObject",
        "VlocityRecordSObjectType": "%vlocity_namespace%__DRMapItem__c"
    },
    {
        "%vlocity_namespace%__DomainObjectAPIName__c": "json",
        "%vlocity_namespace%__DomainObjectCreationOrder__c": 1,
        "%vlocity_namespace%__DomainObjectFieldAPIName__c": "input:ZIP",
        "%vlocity_namespace%__InterfaceFieldAPIName__c": "StepPriceInputs:ZIP",
        "%vlocity_namespace%__IsDisabled__c": false,
        "%vlocity_namespace%__IsRequiredForUpsert__c": false,
        "%vlocity_namespace%__MapId__c": "PreTransZipWageCustom7348",
        "%vlocity_namespace%__UpsertKey__c": false,
        "Name": "PreTransZipWage",
        "VlocityDataPackType": "SObject",
        "VlocityRecordSObjectType": "%vlocity_namespace%__DRMapItem__c"
    }
]