{
    "%vlocity_namespace%__Active__c": true,
    "%vlocity_namespace%__Level__c": 2,
    "%vlocity_namespace%__OmniScriptId__c": {
        "Name": "TRNGAddAuthUser",
        "VlocityDataPackType": "VlocityMatchingKeyObject",
        "VlocityMatchingRecordSourceKey": "%vlocity_namespace%__OmniScript__c/Account Management/Add Authorized User/English",
        "VlocityRecordSObjectType": "%vlocity_namespace%__OmniScript__c"
    },
    "%vlocity_namespace%__Order__c": 2,
    "%vlocity_namespace%__ParentElementId__c": {
        "%vlocity_namespace%__OmniScriptId__c": "%vlocity_namespace%__OmniScript__c/Account Management/Add Authorized User/English",
        "Name": "BlockCallerContactInfo",
        "VlocityDataPackType": "VlocityMatchingKeyObject",
        "VlocityMatchingRecordSourceKey": "%vlocity_namespace%__Element__c/%vlocity_namespace%__OmniScript__c/Account Management/Add Authorized User/English/BlockCallerContactInfo",
        "VlocityRecordSObjectType": "%vlocity_namespace%__Element__c"
    },
    "%vlocity_namespace%__ParentElementName__c": "BlockCallerContactInfo",
    "%vlocity_namespace%__ParentElementType__c": "Block",
    "%vlocity_namespace%__PropertySet__c": {
        "HTMLTemplateId": "",
        "accessibleInFutureSteps": false,
        "conditionType": "Hide if False",
        "controlWidth": 3,
        "debounceValue": 0,
        "disOnTplt": false,
        "help": false,
        "helpText": "",
        "hide": false,
        "inputWidth": 12,
        "label": "Caller Mobile Phone",
        "mask": "(999) 999-9999",
        "maxLength": 255,
        "minLength": 0,
        "pattern": "",
        "ptrnErrText": "",
        "readOnly": false,
        "repeat": false,
        "repeatClone": false,
        "required": true,
        "show": null,
        "showInputWidth": false
    },
    "%vlocity_namespace%__ReusableOmniScript__c": false,
    "%vlocity_namespace%__Type__c": "Telephone",
    "Name": "CallerMobilePhone",
    "VlocityDataPackType": "SObject",
    "VlocityRecordSObjectType": "%vlocity_namespace%__Element__c",
    "VlocityRecordSourceKey": "%vlocity_namespace%__Element__c/%vlocity_namespace%__OmniScript__c/Account Management/Add Authorized User/English/CallerMobilePhone"
}