{
    "%vlocity_namespace%__Active__c": true,
    "%vlocity_namespace%__Level__c": 0,
    "%vlocity_namespace%__OmniScriptId__c": {
        "Name": "TRNGAddAuthUser",
        "VlocityDataPackType": "VlocityMatchingKeyObject",
        "VlocityMatchingRecordSourceKey": "%vlocity_namespace%__OmniScript__c/Account Management/Add Authorized User/English",
        "VlocityRecordSObjectType": "%vlocity_namespace%__OmniScript__c"
    },
    "%vlocity_namespace%__Order__c": 8,
    "%vlocity_namespace%__PropertySet__c": {
        "bundle": "TRNGLoadCallerInfo",
        "controlWidth": 12,
        "disOnTplt": false,
        "failureAbortLabel": "Abort",
        "failureAbortMessage": "Are you sure?",
        "failureNextLabel": "Continue",
        "inProgressMessage": "In Progress",
        "label": "DataRaptor Load Caller Information",
        "message": {
        },
        "postMessage": "Done",
        "redirectNextLabel": "Next",
        "redirectNextWidth": 3,
        "redirectPreviousLabel": "Previous",
        "redirectPreviousWidth": 3,
        "redirectTemplateUrl": "vlcAcknowledge.html",
        "remoteTimeout": 30000,
        "show": {
            "group": {
                "operator": "AND",
                "rules": [
                    {
                        "condition": "<>",
                        "data": null,
                        "field": "OwnerEmail"
                    }
                ]
            }
        },
        "showPersistentComponent": [
            false,
            false
        ],
        "ssm": false,
        "validationRequired": "Submit",
        "wpm": false
    },
    "%vlocity_namespace%__ReusableOmniScript__c": false,
    "%vlocity_namespace%__Type__c": "DataRaptor Post Action",
    "Name": "DRLoadCallerInfo",
    "VlocityDataPackType": "SObject",
    "VlocityRecordSObjectType": "%vlocity_namespace%__Element__c",
    "VlocityRecordSourceKey": "%vlocity_namespace%__Element__c/%vlocity_namespace%__OmniScript__c/Account Management/Add Authorized User/English/DRLoadCallerInfo"
}