{
    "%vlocity_namespace%__Active__c": true,
    "%vlocity_namespace%__Level__c": 0,
    "%vlocity_namespace%__OmniScriptId__c": {
        "Name": "TRNGAddAuthUser",
        "VlocityDataPackType": "VlocityMatchingKeyObject",
        "VlocityMatchingRecordSourceKey": "%vlocity_namespace%__OmniScript__c/Account Management/Add Authorized User/English",
        "VlocityRecordSObjectType": "%vlocity_namespace%__OmniScript__c"
    },
    "%vlocity_namespace%__Order__c": 9,
    "%vlocity_namespace%__PropertySet__c": {
        "HTMLTemplateId": "",
        "consoleTabLabel": "New",
        "controlWidth": 12,
        "disOnTplt": false,
        "label": "Done Action",
        "message": {
        },
        "redirectPageName": "mobileDone",
        "redirectTemplateUrl": "vlcMobileConfirmation.html",
        "show": null,
        "source": "%CallerId%",
        "ssm": false,
        "type": "SObject",
        "validationRequired": "Submit",
        "wpm": false
    },
    "%vlocity_namespace%__ReusableOmniScript__c": false,
    "%vlocity_namespace%__Type__c": "Done Action",
    "Name": "DoneAction",
    "VlocityDataPackType": "SObject",
    "VlocityRecordSObjectType": "%vlocity_namespace%__Element__c",
    "VlocityRecordSourceKey": "%vlocity_namespace%__Element__c/%vlocity_namespace%__OmniScript__c/Account Management/Add Authorized User/English/DoneAction"
}