{
    "%vlocity_namespace%__Author__c": "Vlocity",
    "%vlocity_namespace%__CSS__c": "",
    "%vlocity_namespace%__CustomJavascript__c": "xom-decompose-error.js",
    "%vlocity_namespace%__Definition__c": "",
    "%vlocity_namespace%__Description__c": "",
    "%vlocity_namespace%__DisplayOn__c": "",
    "%vlocity_namespace%__ExternalID__c": "xom-decompose-error/1/vlocity/1508924951122",
    "%vlocity_namespace%__HTML__c": "xom-decompose-error.html",
    "%vlocity_namespace%__ParentID__c": "",
    "%vlocity_namespace%__SampleJson__c": "",
    "%vlocity_namespace%__Sass__c": "",
    "%vlocity_namespace%__Type__c": "OmniScript",
    "%vlocity_namespace%__Version__c": 1,
    "Name": "xom-decompose-error",
    "VlocityDataPackType": "SObject",
    "VlocityRecordSObjectType": "%vlocity_namespace%__VlocityUITemplate__c",
    "VlocityRecordSourceKey": "%vlocity_namespace%__VlocityUITemplate__c/xom-decompose-error"
}