{
    "%vlocity_namespace%__Active__c": true,
    "%vlocity_namespace%__Level__c": 0,
    "%vlocity_namespace%__OmniScriptId__c": {
        "Name": "Class Exercise",
        "VlocityDataPackType": "VlocityMatchingKeyObject",
        "VlocityMatchingRecordSourceKey": "%vlocity_namespace%__OmniScript__c/OmniScripts/Class Exercise/English",
        "VlocityRecordSObjectType": "%vlocity_namespace%__OmniScript__c"
    },
    "%vlocity_namespace%__Order__c": 3,
    "%vlocity_namespace%__PropertySet__c": {
        "controlWidth": 12,
        "label": "Review",
        "nextLabel": "Next",
        "nextWidth": 3,
        "previousLabel": "Previous",
        "previousWidth": 3,
        "redirectPageName": "reviewRedirect",
        "redirectTemplateUrl": "vlcApplicationConfirmationV2.html",
        "show": null,
        "showPersistentComponent": [
            false,
            false
        ],
        "skipElements": [
        ]
    },
    "%vlocity_namespace%__ReusableOmniScript__c": false,
    "%vlocity_namespace%__Type__c": "Review Action",
    "Name": "Review",
    "VlocityDataPackType": "SObject",
    "VlocityRecordSObjectType": "%vlocity_namespace%__Element__c",
    "VlocityRecordSourceKey": "%vlocity_namespace%__Element__c/%vlocity_namespace%__OmniScript__c/OmniScripts/Class Exercise/English/Review"
}