{
    "%vlocity_namespace%__Active__c": true,
    "%vlocity_namespace%__Level__c": 0,
    "%vlocity_namespace%__OmniScriptId__c": {
        "Name": "Class Exercise",
        "VlocityDataPackType": "VlocityMatchingKeyObject",
        "VlocityMatchingRecordSourceKey": "%vlocity_namespace%__OmniScript__c/OmniScripts/Class Exercise/English",
        "VlocityRecordSObjectType": "%vlocity_namespace%__OmniScript__c"
    },
    "%vlocity_namespace%__Order__c": 1,
    "%vlocity_namespace%__PropertySet__c": {
        "cancelLabel": "Cancel",
        "cancelMessage": "Are you sure?",
        "completeLabel": "Complete",
        "completeMessage": "Are you sure you want to complete the script?",
        "conditionType": "Hide if False",
        "knowledgeOptions": {
            "dataCategoryCriteria": "",
            "keyword": "",
            "language": "English",
            "publishStatus": "Online",
            "remoteTimeout": 30000
        },
        "label": "Customer Information",
        "nextLabel": "Next",
        "nextWidth": 3,
        "previousLabel": "Previous",
        "previousWidth": 3,
        "remoteOptions": {
        },
        "remoteTimeout": 30000,
        "saveLabel": "Save for later",
        "saveMessage": "Are you sure you want to save it for later?",
        "show": null,
        "showPersistentComponent": [
            false,
            false
        ],
        "validationRequired": true
    },
    "%vlocity_namespace%__ReusableOmniScript__c": false,
    "%vlocity_namespace%__Type__c": "Step",
    "Name": "Cust Info Step",
    "VlocityDataPackType": "SObject",
    "VlocityRecordSObjectType": "%vlocity_namespace%__Element__c",
    "VlocityRecordSourceKey": "%vlocity_namespace%__Element__c/%vlocity_namespace%__OmniScript__c/OmniScripts/Class Exercise/English/Cust Info Step"
}