{
    "%vlocity_namespace%__Element__c": [
        "OmniScripts_Class-Exercise_English_Element_Address-Info-Block.json",
        "OmniScripts_Class-Exercise_English_Element_Citizen-No.json",
        "OmniScripts_Class-Exercise_English_Element_Citizen-Status-Step.json",
        "OmniScripts_Class-Exercise_English_Element_Citizen-Yes.json",
        "OmniScripts_Class-Exercise_English_Element_Citizen.json",
        "OmniScripts_Class-Exercise_English_Element_City.json",
        "OmniScripts_Class-Exercise_English_Element_Contact-Info-Block.json",
        "OmniScripts_Class-Exercise_English_Element_Cust-Info-Step.json",
        "OmniScripts_Class-Exercise_English_Element_Done-Action.json",
        "OmniScripts_Class-Exercise_English_Element_Email.json",
        "OmniScripts_Class-Exercise_English_Element_First-Name.json",
        "OmniScripts_Class-Exercise_English_Element_Last-Name.json",
        "OmniScripts_Class-Exercise_English_Element_Lead-Source.json",
        "OmniScripts_Class-Exercise_English_Element_Phone.json",
        "OmniScripts_Class-Exercise_English_Element_Post-to-Object-Action.json",
        "OmniScripts_Class-Exercise_English_Element_Postal-Code.json",
        "OmniScripts_Class-Exercise_English_Element_Review.json",
        "OmniScripts_Class-Exercise_English_Element_State.json",
        "OmniScripts_Class-Exercise_English_Element_Street-Address.json"
    ],
    "%vlocity_namespace%__IsActive__c": true,
    "%vlocity_namespace%__IsProcedure__c": false,
    "%vlocity_namespace%__IsReusable__c": false,
    "%vlocity_namespace%__Language__c": "English",
    "%vlocity_namespace%__PropertySet__c": "OmniScripts_Class-Exercise_English_PropertySet.json",
    "%vlocity_namespace%__SubType__c": "Class Exercise",
    "%vlocity_namespace%__Type__c": "OmniScripts",
    "Name": "Class Exercise",
    "VlocityDataPackType": "SObject",
    "VlocityRecordSObjectType": "%vlocity_namespace%__OmniScript__c",
    "VlocityRecordSourceKey": "%vlocity_namespace%__OmniScript__c/OmniScripts/Class Exercise/English"
}