[
    {
        "%vlocity_namespace%__DomainObjectAPIName__c": "json",
        "%vlocity_namespace%__DomainObjectCreationOrder__c": 0,
        "%vlocity_namespace%__DomainObjectFieldAPIName__c": "Caller",
        "%vlocity_namespace%__FilterOperator__c": "=",
        "%vlocity_namespace%__FilterValue__c": "CallerId",
        "%vlocity_namespace%__FormulaOrder__c": 0,
        "%vlocity_namespace%__InterfaceFieldAPIName__c": "Id",
        "%vlocity_namespace%__InterfaceObjectLookupOrder__c": 1,
        "%vlocity_namespace%__InterfaceObjectName__c": "Contact",
        "%vlocity_namespace%__IsDisabled__c": false,
        "%vlocity_namespace%__IsRequiredForUpsert__c": false,
        "%vlocity_namespace%__LinkCreatedIndex__c": 0,
        "%vlocity_namespace%__MapId__c": "TRNGAccountExtractCustom3313",
        "%vlocity_namespace%__UpsertKey__c": false,
        "Name": "TRNGReadAcctContactDetail",
        "VlocityDataPackType": "SObject",
        "VlocityRecordSObjectType": "%vlocity_namespace%__DRMapItem__c"
    },
    {
        "%vlocity_namespace%__DomainObjectAPIName__c": "json",
        "%vlocity_namespace%__DomainObjectCreationOrder__c": 0,
        "%vlocity_namespace%__DomainObjectFieldAPIName__c": "Account",
        "%vlocity_namespace%__FilterOperator__c": "=",
        "%vlocity_namespace%__FilterValue__c": "Caller:AccountId",
        "%vlocity_namespace%__FormulaOrder__c": 0,
        "%vlocity_namespace%__InterfaceFieldAPIName__c": "Id",
        "%vlocity_namespace%__InterfaceObjectLookupOrder__c": 2,
        "%vlocity_namespace%__InterfaceObjectName__c": "Account",
        "%vlocity_namespace%__IsDisabled__c": false,
        "%vlocity_namespace%__IsRequiredForUpsert__c": false,
        "%vlocity_namespace%__LinkCreatedIndex__c": 0,
        "%vlocity_namespace%__MapId__c": "TRNGAccountExtractCustom885",
        "%vlocity_namespace%__UpsertKey__c": false,
        "Name": "TRNGReadAcctContactDetail",
        "VlocityDataPackType": "SObject",
        "VlocityRecordSObjectType": "%vlocity_namespace%__DRMapItem__c"
    },
    {
        "%vlocity_namespace%__DomainObjectAPIName__c": "json",
        "%vlocity_namespace%__DomainObjectCreationOrder__c": 1,
        "%vlocity_namespace%__DomainObjectFieldAPIName__c": "AccountId",
        "%vlocity_namespace%__FormulaOrder__c": 0,
        "%vlocity_namespace%__InterfaceFieldAPIName__c": "Account:Id",
        "%vlocity_namespace%__IsDisabled__c": false,
        "%vlocity_namespace%__IsRequiredForUpsert__c": false,
        "%vlocity_namespace%__LinkCreatedIndex__c": 0,
        "%vlocity_namespace%__MapId__c": "TRNGAccountExtractCustom6230",
        "%vlocity_namespace%__UpsertKey__c": false,
        "Name": "TRNGReadAcctContactDetail",
        "VlocityDataPackType": "SObject",
        "VlocityRecordSObjectType": "%vlocity_namespace%__DRMapItem__c"
    },
    {
        "%vlocity_namespace%__DomainObjectAPIName__c": "json",
        "%vlocity_namespace%__DomainObjectCreationOrder__c": 1,
        "%vlocity_namespace%__DomainObjectFieldAPIName__c": "AccountName",
        "%vlocity_namespace%__FormulaOrder__c": 0,
        "%vlocity_namespace%__InterfaceFieldAPIName__c": "Account:Name",
        "%vlocity_namespace%__IsDisabled__c": false,
        "%vlocity_namespace%__IsRequiredForUpsert__c": false,
        "%vlocity_namespace%__LinkCreatedIndex__c": 0,
        "%vlocity_namespace%__MapId__c": "TRNGAccountExtractCustom4843",
        "%vlocity_namespace%__UpsertKey__c": false,
        "Name": "TRNGReadAcctContactDetail",
        "VlocityDataPackType": "SObject",
        "VlocityRecordSObjectType": "%vlocity_namespace%__DRMapItem__c"
    },
    {
        "%vlocity_namespace%__DomainObjectAPIName__c": "json",
        "%vlocity_namespace%__DomainObjectCreationOrder__c": 1,
        "%vlocity_namespace%__DomainObjectFieldAPIName__c": "CallerBirthDate",
        "%vlocity_namespace%__FormulaOrder__c": 0,
        "%vlocity_namespace%__InterfaceFieldAPIName__c": "Caller:Birthdate",
        "%vlocity_namespace%__IsDisabled__c": false,
        "%vlocity_namespace%__IsRequiredForUpsert__c": false,
        "%vlocity_namespace%__LinkCreatedIndex__c": 0,
        "%vlocity_namespace%__MapId__c": "TRNGAccountExtractCustom6904",
        "%vlocity_namespace%__UpsertKey__c": false,
        "Name": "TRNGReadAcctContactDetail",
        "VlocityDataPackType": "SObject",
        "VlocityRecordSObjectType": "%vlocity_namespace%__DRMapItem__c"
    },
    {
        "%vlocity_namespace%__DomainObjectAPIName__c": "json",
        "%vlocity_namespace%__DomainObjectCreationOrder__c": 1,
        "%vlocity_namespace%__DomainObjectFieldAPIName__c": "CallerEmail",
        "%vlocity_namespace%__FormulaOrder__c": 0,
        "%vlocity_namespace%__InterfaceFieldAPIName__c": "Caller:Email",
        "%vlocity_namespace%__IsDisabled__c": false,
        "%vlocity_namespace%__IsRequiredForUpsert__c": false,
        "%vlocity_namespace%__LinkCreatedIndex__c": 0,
        "%vlocity_namespace%__MapId__c": "TRNGAccountExtractCustom4056",
        "%vlocity_namespace%__UpsertKey__c": false,
        "Name": "TRNGReadAcctContactDetail",
        "VlocityDataPackType": "SObject",
        "VlocityRecordSObjectType": "%vlocity_namespace%__DRMapItem__c"
    },
    {
        "%vlocity_namespace%__DomainObjectAPIName__c": "json",
        "%vlocity_namespace%__DomainObjectCreationOrder__c": 1,
        "%vlocity_namespace%__DomainObjectFieldAPIName__c": "CallerId",
        "%vlocity_namespace%__FormulaOrder__c": 0,
        "%vlocity_namespace%__InterfaceFieldAPIName__c": "Caller:Id",
        "%vlocity_namespace%__IsDisabled__c": false,
        "%vlocity_namespace%__IsRequiredForUpsert__c": false,
        "%vlocity_namespace%__LinkCreatedIndex__c": 0,
        "%vlocity_namespace%__MapId__c": "TRNGAccountExtractCustom6907",
        "%vlocity_namespace%__UpsertKey__c": false,
        "Name": "TRNGReadAcctContactDetail",
        "VlocityDataPackType": "SObject",
        "VlocityRecordSObjectType": "%vlocity_namespace%__DRMapItem__c"
    },
    {
        "%vlocity_namespace%__DomainObjectAPIName__c": "json",
        "%vlocity_namespace%__DomainObjectCreationOrder__c": 1,
        "%vlocity_namespace%__DomainObjectFieldAPIName__c": "CallerLastName",
        "%vlocity_namespace%__FormulaOrder__c": 0,
        "%vlocity_namespace%__InterfaceFieldAPIName__c": "Caller:LastName",
        "%vlocity_namespace%__IsDisabled__c": false,
        "%vlocity_namespace%__IsRequiredForUpsert__c": false,
        "%vlocity_namespace%__LinkCreatedIndex__c": 0,
        "%vlocity_namespace%__MapId__c": "TRNGReadAccountContactDetailCustom9743",
        "%vlocity_namespace%__UpsertKey__c": false,
        "Name": "TRNGReadAcctContactDetail",
        "VlocityDataPackType": "SObject",
        "VlocityRecordSObjectType": "%vlocity_namespace%__DRMapItem__c"
    },
    {
        "%vlocity_namespace%__DomainObjectAPIName__c": "json",
        "%vlocity_namespace%__DomainObjectCreationOrder__c": 1,
        "%vlocity_namespace%__DomainObjectFieldAPIName__c": "CallerMobilePhone",
        "%vlocity_namespace%__FormulaOrder__c": 0,
        "%vlocity_namespace%__InterfaceFieldAPIName__c": "Caller:MobilePhone",
        "%vlocity_namespace%__IsDisabled__c": false,
        "%vlocity_namespace%__IsRequiredForUpsert__c": false,
        "%vlocity_namespace%__LinkCreatedIndex__c": 0,
        "%vlocity_namespace%__MapId__c": "TRNGAccountExtractCustom392",
        "%vlocity_namespace%__UpsertKey__c": false,
        "Name": "TRNGReadAcctContactDetail",
        "VlocityDataPackType": "SObject",
        "VlocityRecordSObjectType": "%vlocity_namespace%__DRMapItem__c"
    },
    {
        "%vlocity_namespace%__DomainObjectAPIName__c": "json",
        "%vlocity_namespace%__DomainObjectCreationOrder__c": 1,
        "%vlocity_namespace%__DomainObjectFieldAPIName__c": "CallerName",
        "%vlocity_namespace%__FormulaOrder__c": 0,
        "%vlocity_namespace%__InterfaceFieldAPIName__c": "Caller:Name",
        "%vlocity_namespace%__IsDisabled__c": false,
        "%vlocity_namespace%__IsRequiredForUpsert__c": false,
        "%vlocity_namespace%__LinkCreatedIndex__c": 0,
        "%vlocity_namespace%__MapId__c": "TRNGAccountExtractCustom7572",
        "%vlocity_namespace%__UpsertKey__c": false,
        "Name": "TRNGReadAcctContactDetail",
        "VlocityDataPackType": "SObject",
        "VlocityRecordSObjectType": "%vlocity_namespace%__DRMapItem__c"
    },
    {
        "%vlocity_namespace%__DomainObjectAPIName__c": "json",
        "%vlocity_namespace%__DomainObjectCreationOrder__c": 1,
        "%vlocity_namespace%__DomainObjectFieldAPIName__c": "CallerPhone",
        "%vlocity_namespace%__DomainObjectFieldType__c": "String",
        "%vlocity_namespace%__FormulaOrder__c": 0,
        "%vlocity_namespace%__InterfaceFieldAPIName__c": "Caller:Phone",
        "%vlocity_namespace%__IsDisabled__c": false,
        "%vlocity_namespace%__IsRequiredForUpsert__c": false,
        "%vlocity_namespace%__LinkCreatedIndex__c": 0,
        "%vlocity_namespace%__MapId__c": "TRNGAccountExtractCustom7208",
        "%vlocity_namespace%__UpsertKey__c": false,
        "Name": "TRNGReadAcctContactDetail",
        "VlocityDataPackType": "SObject",
        "VlocityRecordSObjectType": "%vlocity_namespace%__DRMapItem__c"
    },
    {
        "%vlocity_namespace%__DomainObjectAPIName__c": "json",
        "%vlocity_namespace%__DomainObjectCreationOrder__c": 1,
        "%vlocity_namespace%__DomainObjectFieldAPIName__c": "CallerSSN",
        "%vlocity_namespace%__FormulaOrder__c": 0,
        "%vlocity_namespace%__InterfaceFieldAPIName__c": "Caller:%vlocity_namespace%__SocialSecurityNumber__c",
        "%vlocity_namespace%__IsDisabled__c": false,
        "%vlocity_namespace%__IsRequiredForUpsert__c": false,
        "%vlocity_namespace%__LinkCreatedIndex__c": 0,
        "%vlocity_namespace%__MapId__c": "TRNGAccountExtractCustom9496",
        "%vlocity_namespace%__UpsertKey__c": false,
        "Name": "TRNGReadAcctContactDetail",
        "VlocityDataPackType": "SObject",
        "VlocityRecordSObjectType": "%vlocity_namespace%__DRMapItem__c"
    },
    {
        "%vlocity_namespace%__DomainObjectAPIName__c": "json",
        "%vlocity_namespace%__DomainObjectCreationOrder__c": 1,
        "%vlocity_namespace%__DomainObjectFieldAPIName__c": "CallerZipCode",
        "%vlocity_namespace%__FormulaOrder__c": 0,
        "%vlocity_namespace%__InterfaceFieldAPIName__c": "Caller:MailingPostalCode",
        "%vlocity_namespace%__IsDisabled__c": false,
        "%vlocity_namespace%__IsRequiredForUpsert__c": false,
        "%vlocity_namespace%__LinkCreatedIndex__c": 0,
        "%vlocity_namespace%__MapId__c": "TRNGAccountExtractCustom2045",
        "%vlocity_namespace%__UpsertKey__c": false,
        "Name": "TRNGReadAcctContactDetail",
        "VlocityDataPackType": "SObject",
        "VlocityRecordSObjectType": "%vlocity_namespace%__DRMapItem__c"
    },
    {
        "%vlocity_namespace%__DomainObjectAPIName__c": "json",
        "%vlocity_namespace%__DomainObjectCreationOrder__c": 1,
        "%vlocity_namespace%__DomainObjectFieldAPIName__c": "OwnerId",
        "%vlocity_namespace%__FormulaOrder__c": 0,
        "%vlocity_namespace%__InterfaceFieldAPIName__c": "Account:%vlocity_namespace%__PrimaryContactId__c",
        "%vlocity_namespace%__IsDisabled__c": false,
        "%vlocity_namespace%__IsRequiredForUpsert__c": false,
        "%vlocity_namespace%__LinkCreatedIndex__c": 0,
        "%vlocity_namespace%__MapId__c": "TRNGAccountExtractCustom4119",
        "%vlocity_namespace%__UpsertKey__c": false,
        "Name": "TRNGReadAcctContactDetail",
        "VlocityDataPackType": "SObject",
        "VlocityRecordSObjectType": "%vlocity_namespace%__DRMapItem__c"
    }
]