{
    "%vlocity_namespace%__Element__c": [
        "Customer-Service_Guided-Selling_English_Element_DRCreateNewAsset.json",
        "Customer-Service_Guided-Selling_English_Element_DRGetOldAssets.json",
        "Customer-Service_Guided-Selling_English_Element_DRGetServiceProducts.json",
        "Customer-Service_Guided-Selling_English_Element_NumberOfEmployees.json",
        "Customer-Service_Guided-Selling_English_Element_OldAsset.json",
        "Customer-Service_Guided-Selling_English_Element_PriceCalculation.json",
        "Customer-Service_Guided-Selling_English_Element_Product.json",
        "Customer-Service_Guided-Selling_English_Element_Set-Values.json",
        "Customer-Service_Guided-Selling_English_Element_StepErrorCheck.json",
        "Customer-Service_Guided-Selling_English_Element_StepNewAsset.json",
        "Customer-Service_Guided-Selling_English_Element_StepPriceInputs.json",
        "Customer-Service_Guided-Selling_English_Element_StepProduct.json",
        "Customer-Service_Guided-Selling_English_Element_TxtBlkErrorChk.json",
        "Customer-Service_Guided-Selling_English_Element_TxtBlkInputChk.json",
        "Customer-Service_Guided-Selling_English_Element_TxtBlkNewAsset.json",
        "Customer-Service_Guided-Selling_English_Element_ZIP.json"
    ],
    "%vlocity_namespace%__IsActive__c": true,
    "%vlocity_namespace%__IsProcedure__c": false,
    "%vlocity_namespace%__IsReusable__c": true,
    "%vlocity_namespace%__Language__c": "English",
    "%vlocity_namespace%__PropertySet__c": "Customer-Service_Guided-Selling_English_PropertySet.json",
    "%vlocity_namespace%__SubType__c": "Guided Selling",
    "%vlocity_namespace%__TestHTMLTemplates__c": "Customer-Service_Guided-Selling_English_HTMLTemplates.html",
    "%vlocity_namespace%__Type__c": "Customer Service",
    "Name": "New Product Price Quote",
    "VlocityDataPackType": "SObject",
    "VlocityRecordSObjectType": "%vlocity_namespace%__OmniScript__c",
    "VlocityRecordSourceKey": "%vlocity_namespace%__OmniScript__c/Customer Service/Guided Selling/English"
}