{
    "%vlocity_namespace%__Active__c": true,
    "%vlocity_namespace%__Level__c": 1,
    "%vlocity_namespace%__OmniScriptId__c": {
        "Name": "New Product Price Quote",
        "VlocityDataPackType": "VlocityMatchingKeyObject",
        "VlocityMatchingRecordSourceKey": "%vlocity_namespace%__OmniScript__c/Customer Service/Guided Selling/English",
        "VlocityRecordSObjectType": "%vlocity_namespace%__OmniScript__c"
    },
    "%vlocity_namespace%__Order__c": 1,
    "%vlocity_namespace%__ParentElementId__c": {
        "%vlocity_namespace%__OmniScriptId__c": "%vlocity_namespace%__OmniScript__c/Customer Service/Guided Selling/English",
        "Name": "StepNewAsset",
        "VlocityDataPackType": "VlocityMatchingKeyObject",
        "VlocityMatchingRecordSourceKey": "%vlocity_namespace%__Element__c/%vlocity_namespace%__OmniScript__c/Customer Service/Guided Selling/English/StepNewAsset",
        "VlocityRecordSObjectType": "%vlocity_namespace%__Element__c"
    },
    "%vlocity_namespace%__ParentElementName__c": "StepNewAsset",
    "%vlocity_namespace%__ParentElementType__c": "Step",
    "%vlocity_namespace%__PropertySet__c": {
        "HTMLTemplateId": "",
        "controlWidth": 12,
        "dataJSON": false,
        "label": null,
        "show": null,
        "text": "<table style=\"height: 137px; width: 730px;\">\n<tbody>\n<tr style=\"height: 50px;\">\n<td style=\"width: 724px; height: 50px;\" colspan=\"3\">\n<h2>Review the current and new products with the caller:</h2>\n</td>\n</tr>\n<tr style=\"height: 50px;\">\n<td style=\"width: 724px; height: 50px;\" colspan=\"3\">\n<h2>The Current Product will be replaced in the Account by the New Product</h2>\n</td>\n</tr>\n<tr style=\"height: 16px;\">\n<td style=\"width: 724px; height: 16px;\" colspan=\"3\">&nbsp;</td>\n</tr>\n<tr style=\"height: 50px;\">\n<td style=\"width: 113.631px; height: 50px;\">&nbsp;</td>\n<td style=\"width: 298.369px; height: 50px;\">\n<h2 style=\"text-align: center;\">Current Product</h2>\n</td>\n<td style=\"width: 312px; height: 50px;\">\n<h2 style=\"text-align: center;\">New Product</h2>\n</td>\n</tr>\n<tr style=\"height: 47px;\">\n<td style=\"width: 113.631px; height: 47px; text-align: right;\">Name&nbsp;&nbsp;</td>\n<td style=\"width: 298.369px; height: 47px; text-align: center;\">\n<h3>%StepProduct:OldAsset|1:Name%</h3>\n</td>\n<td style=\"width: 312px; height: 47px; text-align: center;\">\n<h3>%StepProduct:Product|1:ProductName%</h3>\n</td>\n</tr>\n<tr style=\"height: 47px;\">\n<td style=\"width: 113.631px; height: 47px; text-align: right;\">Code&nbsp;&nbsp;</td>\n<td style=\"width: 298.369px; height: 47px; text-align: center;\">\n<h3>%StepProduct:OldAsset|1:ProductCode%</h3>\n</td>\n<td style=\"width: 312px; height: 47px; text-align: center;\">\n<h3>%StepProduct:Product|1:ProductCode%</h3>\n</td>\n</tr>\n<tr style=\"height: 47px;\">\n<td style=\"width: 113.631px; height: 47px; text-align: right;\">Price&nbsp;&nbsp;</td>\n<td style=\"width: 298.369px; height: 47px; text-align: center;\">\n<h3>$%StepProduct:OldAsset|1:FullPrice%</h3>\n</td>\n<td style=\"width: 312px; height: 47px; text-align: center;\">\n<h3>$%StepProduct:Product|1:FullPrice%</h3>\n</td>\n</tr>\n</tbody>\n</table>\n<p><br /><br /></p>\n<p></p>"
    },
    "%vlocity_namespace%__ReusableOmniScript__c": true,
    "%vlocity_namespace%__Type__c": "Text Block",
    "Name": "TxtBlkNewAsset",
    "VlocityDataPackType": "SObject",
    "VlocityRecordSObjectType": "%vlocity_namespace%__Element__c",
    "VlocityRecordSourceKey": "%vlocity_namespace%__Element__c/%vlocity_namespace%__OmniScript__c/Customer Service/Guided Selling/English/TxtBlkNewAsset"
}