{
    "%vlocity_namespace%__Active__c": true,
    "%vlocity_namespace%__Level__c": 0,
    "%vlocity_namespace%__OmniScriptId__c": {
        "Name": "Save Contact Data",
        "VlocityDataPackType": "VlocityMatchingKeyObject",
        "VlocityMatchingRecordSourceKey": "%vlocity_namespace%__OmniScript__c/Library/Save Contact Data/English",
        "VlocityRecordSObjectType": "%vlocity_namespace%__OmniScript__c"
    },
    "%vlocity_namespace%__Order__c": 1,
    "%vlocity_namespace%__PropertySet__c": {
        "bundle": "TRNGContactUpsert",
        "controlWidth": 12,
        "failureAbortLabel": "Abort",
        "failureAbortMessage": "Are you sure?",
        "failureNextLabel": "Continue",
        "inProgressMessage": "In Progress",
        "label": "DataRaptor Post Action 1",
        "postMessage": "Done",
        "redirectNextLabel": "Next",
        "redirectNextWidth": 3,
        "redirectPreviousLabel": "Previous",
        "redirectPreviousWidth": 3,
        "redirectTemplateUrl": "vlcAcknowledge.html",
        "remoteTimeout": 30000,
        "show": null,
        "showPersistentComponent": [
            false,
            false
        ],
        "validationRequired": "Submit"
    },
    "%vlocity_namespace%__ReusableOmniScript__c": true,
    "%vlocity_namespace%__Type__c": "DataRaptor Post Action",
    "Name": "Contact DataRaptor Post Action",
    "VlocityDataPackType": "SObject",
    "VlocityRecordSObjectType": "%vlocity_namespace%__Element__c",
    "VlocityRecordSourceKey": "%vlocity_namespace%__Element__c/%vlocity_namespace%__OmniScript__c/Library/Save Contact Data/English/Contact DataRaptor Post Action"
}