{
    "%vlocity_namespace%__Active__c": true,
    "%vlocity_namespace%__Level__c": 0,
    "%vlocity_namespace%__OmniScriptId__c": {
        "Name": "SAMPLE Customer Appreciation Offer",
        "VlocityDataPackType": "VlocityMatchingKeyObject",
        "VlocityMatchingRecordSourceKey": "%vlocity_namespace%__OmniScript__c/Sample/Customer Appreciation Offer/English",
        "VlocityRecordSObjectType": "%vlocity_namespace%__OmniScript__c"
    },
    "%vlocity_namespace%__Order__c": 4,
    "%vlocity_namespace%__PropertySet__c": {
        "bundle": "TRNGgetOrder",
        "controlWidth": 12,
        "dataRaptor Input Parameters": [
            {
                "element": "DRId_Order",
                "inputParam": "DRId_Order"
            },
            {
                "element": "DRId_OrderItem",
                "inputParam": "DRId_OrderItem"
            }
        ],
        "failureAbortLabel": "Abort",
        "failureAbortMessage": "Are you sure?",
        "failureNextLabel": "Continue",
        "inProgressMessage": "In Progress",
        "label": "TRNGgetOrder",
        "postMessage": "Done",
        "redirectNextLabel": "Next",
        "redirectNextWidth": 3,
        "redirectPreviousLabel": "Previous",
        "redirectPreviousWidth": 3,
        "redirectTemplateUrl": "vlcAcknowledge.html",
        "remoteTimeout": 30000,
        "show": null,
        "showPersistentComponent": [
        ],
        "validationRequired": "None"
    },
    "%vlocity_namespace%__ReusableOmniScript__c": true,
    "%vlocity_namespace%__Type__c": "DataRaptor Extract Action",
    "Name": "TRNGgetOrder",
    "VlocityDataPackType": "SObject",
    "VlocityRecordSObjectType": "%vlocity_namespace%__Element__c",
    "VlocityRecordSourceKey": "%vlocity_namespace%__Element__c/%vlocity_namespace%__OmniScript__c/Sample/Customer Appreciation Offer/English/TRNGgetOrder"
}