{
    "%vlocity_namespace%__Element__c": [
        "Sample_Customer-Appreciation-Offer_English_Element_Agent-Prompt-1.json",
        "Sample_Customer-Appreciation-Offer_English_Element_Agent-Prompt-2.json",
        "Sample_Customer-Appreciation-Offer_English_Element_Agent-Prompt-3.json",
        "Sample_Customer-Appreciation-Offer_English_Element_CreatedDate.json",
        "Sample_Customer-Appreciation-Offer_English_Element_Description.json",
        "Sample_Customer-Appreciation-Offer_English_Element_Event-Invitation.json",
        "Sample_Customer-Appreciation-Offer_English_Element_Order-Details.json",
        "Sample_Customer-Appreciation-Offer_English_Element_OrderNumber.json",
        "Sample_Customer-Appreciation-Offer_English_Element_Product.json",
        "Sample_Customer-Appreciation-Offer_English_Element_Review-Order-Step.json",
        "Sample_Customer-Appreciation-Offer_English_Element_Submit-Order-DataRaptor-Post-Action.json",
        "Sample_Customer-Appreciation-Offer_English_Element_Submit-Order.json",
        "Sample_Customer-Appreciation-Offer_English_Element_TRNGgetOrder.json",
        "Sample_Customer-Appreciation-Offer_English_Element_TRNGgetProducts.json",
        "Sample_Customer-Appreciation-Offer_English_Element_TotalAmount.json"
    ],
    "%vlocity_namespace%__IsActive__c": true,
    "%vlocity_namespace%__IsProcedure__c": false,
    "%vlocity_namespace%__IsReusable__c": true,
    "%vlocity_namespace%__Language__c": "English",
    "%vlocity_namespace%__PropertySet__c": "Sample_Customer-Appreciation-Offer_English_PropertySet.json",
    "%vlocity_namespace%__SubType__c": "Customer Appreciation Offer",
    "%vlocity_namespace%__TestHTMLTemplates__c": "Sample_Customer-Appreciation-Offer_English_HTMLTemplates.html",
    "%vlocity_namespace%__Type__c": "Sample",
    "Name": "SAMPLE Customer Appreciation Offer",
    "VlocityDataPackType": "SObject",
    "VlocityRecordSObjectType": "%vlocity_namespace%__OmniScript__c",
    "VlocityRecordSourceKey": "%vlocity_namespace%__OmniScript__c/Sample/Customer Appreciation Offer/English"
}