{
    "%vlocity_namespace%__Active__c": true,
    "%vlocity_namespace%__Level__c": 1,
    "%vlocity_namespace%__OmniScriptId__c": {
        "Name": "SAMPLE Customer Appreciation Offer",
        "VlocityDataPackType": "VlocityMatchingKeyObject",
        "VlocityMatchingRecordSourceKey": "%vlocity_namespace%__OmniScript__c/Sample/Customer Appreciation Offer/English",
        "VlocityRecordSObjectType": "%vlocity_namespace%__OmniScript__c"
    },
    "%vlocity_namespace%__Order__c": 2,
    "%vlocity_namespace%__ParentElementId__c": {
        "%vlocity_namespace%__OmniScriptId__c": "%vlocity_namespace%__OmniScript__c/Sample/Customer Appreciation Offer/English",
        "Name": "Event Invitation",
        "VlocityDataPackType": "VlocityMatchingKeyObject",
        "VlocityMatchingRecordSourceKey": "%vlocity_namespace%__Element__c/%vlocity_namespace%__OmniScript__c/Sample/Customer Appreciation Offer/English/Event Invitation",
        "VlocityRecordSObjectType": "%vlocity_namespace%__Element__c"
    },
    "%vlocity_namespace%__ParentElementName__c": "Event Invitation",
    "%vlocity_namespace%__ParentElementType__c": "Step",
    "%vlocity_namespace%__PropertySet__c": {
        "HTMLTemplateId": "TRNGvlcSelectableProducts.html",
        "accessibleInFutureSteps": false,
        "dataJSON": true,
        "itemsKey": "recSet",
        "label": "Product",
        "maxCompareSize": 4,
        "modalConfigurationSetting": {
            "modalController": "ModalProductCtrl",
            "modalHTMLTemplateId": "vlcProductConfig.html",
            "modalSize": "lg"
        },
        "modalController": "ModalInstanceCtrl",
        "modalHTMLTemplateId": "vlcModalContentCustom.html",
        "modalSize": "",
        "postTransformBundle": "",
        "preTransformBundle": "",
        "remoteClass": "",
        "remoteMethod": "",
        "remoteOptions": {
            "postTransformBundle": "",
            "preTransformBundle": ""
        },
        "remoteTimeout": 30000,
        "responseJSONNode": "",
        "responseJSONPath": "",
        "selectMode": "Single",
        "sendJSONNode": "",
        "sendJSONPath": "",
        "show": null
    },
    "%vlocity_namespace%__ReusableOmniScript__c": true,
    "%vlocity_namespace%__Type__c": "Selectable Items",
    "Name": "Product",
    "VlocityDataPackType": "SObject",
    "VlocityRecordSObjectType": "%vlocity_namespace%__Element__c",
    "VlocityRecordSourceKey": "%vlocity_namespace%__Element__c/%vlocity_namespace%__OmniScript__c/Sample/Customer Appreciation Offer/English/Product"
}