{
    "%vlocity_namespace%__Active__c": true,
    "%vlocity_namespace%__Level__c": 1,
    "%vlocity_namespace%__OmniScriptId__c": {
        "Name": "VPL Account Change Address",
        "VlocityDataPackType": "VlocityMatchingKeyObject",
        "VlocityMatchingRecordSourceKey": "%vlocity_namespace%__OmniScript__c/VPL/Account Change Address/English",
        "VlocityRecordSObjectType": "%vlocity_namespace%__OmniScript__c"
    },
    "%vlocity_namespace%__Order__c": 11,
    "%vlocity_namespace%__ParentElementId__c": {
        "%vlocity_namespace%__OmniScriptId__c": "%vlocity_namespace%__OmniScript__c/VPL/Account Change Address/English",
        "Name": "AddressChange",
        "VlocityDataPackType": "VlocityMatchingKeyObject",
        "VlocityMatchingRecordSourceKey": "%vlocity_namespace%__Element__c/%vlocity_namespace%__OmniScript__c/VPL/Account Change Address/English/AddressChange",
        "VlocityRecordSObjectType": "%vlocity_namespace%__Element__c"
    },
    "%vlocity_namespace%__ParentElementName__c": "AddressChange",
    "%vlocity_namespace%__ParentElementType__c": "Step",
    "%vlocity_namespace%__PropertySet__c": {
        "accessibleInFutureSteps": false,
        "callFrequency": 300,
        "conditionType": "Hide if False",
        "controlWidth": 12,
        "dataProcessorFunction": "",
        "debounceValue": 0,
        "editMode": false,
        "enableGoogleMapsAutocomplete": true,
        "enableLookup": false,
        "googleAddressCountry": "us",
        "googleMapsAPIKey": "AIzaSyBekYyAAgBVsUcK26NiWbGDdqcHFuTzo0c",
        "googleTransformation": {
            "administrative_area_level_1": "TABillingState",
            "country": "TABillingCountry",
            "locality": "TABillingCity",
            "postal_code": "TABillingZip",
            "street": "TABillingStreet"
        },
        "help": false,
        "helpText": "",
        "hideEditButton": false,
        "hideMap": false,
        "inputWidth": 12,
        "label": "Enter New Billing Address",
        "mask": "",
        "maxLength": 255,
        "minLength": 0,
        "newItemLabel": "Add New",
        "pattern": "",
        "ptrnErrText": "",
        "readOnly": false,
        "required": false,
        "show": {
            "group": {
                "operator": "AND",
                "rules": [
                    {
                        "condition": "=",
                        "data": "true",
                        "field": "UpdateBillingAddress"
                    }
                ]
            }
        },
        "showInputWidth": false,
        "typeAheadKey": "",
        "useDataJson": false
    },
    "%vlocity_namespace%__ReusableOmniScript__c": false,
    "%vlocity_namespace%__Type__c": "Type Ahead Block",
    "Name": "TypeAheadBillingAddress",
    "VlocityDataPackType": "SObject",
    "VlocityRecordSObjectType": "%vlocity_namespace%__Element__c",
    "VlocityRecordSourceKey": "%vlocity_namespace%__Element__c/%vlocity_namespace%__OmniScript__c/VPL/Account Change Address/English/TypeAheadBillingAddress"
}