{
    "%vlocity_namespace%__Active__c": true,
    "%vlocity_namespace%__InternalNotes__c": "Displays Shipping Address details as returned from the ReadAccountDetail DR Extract",
    "%vlocity_namespace%__Level__c": 1,
    "%vlocity_namespace%__OmniScriptId__c": {
        "Name": "VPL Account Change Address",
        "VlocityDataPackType": "VlocityMatchingKeyObject",
        "VlocityMatchingRecordSourceKey": "%vlocity_namespace%__OmniScript__c/VPL/Account Change Address/English",
        "VlocityRecordSObjectType": "%vlocity_namespace%__OmniScript__c"
    },
    "%vlocity_namespace%__Order__c": 16,
    "%vlocity_namespace%__ParentElementId__c": {
        "%vlocity_namespace%__OmniScriptId__c": "%vlocity_namespace%__OmniScript__c/VPL/Account Change Address/English",
        "Name": "AddressChange",
        "VlocityDataPackType": "VlocityMatchingKeyObject",
        "VlocityMatchingRecordSourceKey": "%vlocity_namespace%__Element__c/%vlocity_namespace%__OmniScript__c/VPL/Account Change Address/English/AddressChange",
        "VlocityRecordSObjectType": "%vlocity_namespace%__Element__c"
    },
    "%vlocity_namespace%__ParentElementName__c": "AddressChange",
    "%vlocity_namespace%__ParentElementType__c": "Step",
    "%vlocity_namespace%__PropertySet__c": {
        "controlWidth": 4,
        "dataJSON": false,
        "label": "Current Shipping Address",
        "show": null,
        "text": "<table style=\"height: 90px; background-color: #e5f8fe; border-color: #595959;\" border=\"1\" width=\"400\">\n<tbody>\n<tr>\n<td style=\"width: 399px; padding-left: 30px;\">\n<p><strong><span style=\"color: #595959;\">Shipping Address:</span></strong></p>\n<p><span style=\"color: #595959;\">%ShippingStreet%</span><br /><span style=\"color: #595959;\">%ShippingCity%, %ShippingState% </span><br /><span style=\"color: #595959;\">%ShippingZip%</span></p>\n</td>\n</tr>\n</tbody>\n</table>"
    },
    "%vlocity_namespace%__ReusableOmniScript__c": false,
    "%vlocity_namespace%__Type__c": "Text Block",
    "Name": "TxtShippingAddress",
    "VlocityDataPackType": "SObject",
    "VlocityRecordSObjectType": "%vlocity_namespace%__Element__c",
    "VlocityRecordSourceKey": "%vlocity_namespace%__Element__c/%vlocity_namespace%__OmniScript__c/VPL/Account Change Address/English/TxtShippingAddress"
}