{
    "%vlocity_namespace%__Active__c": true,
    "%vlocity_namespace%__Level__c": 0,
    "%vlocity_namespace%__OmniScriptId__c": {
        "Name": "VPL Account Change Address",
        "VlocityDataPackType": "VlocityMatchingKeyObject",
        "VlocityMatchingRecordSourceKey": "%vlocity_namespace%__OmniScript__c/VPL/Account Change Address/English",
        "VlocityRecordSObjectType": "%vlocity_namespace%__OmniScript__c"
    },
    "%vlocity_namespace%__Order__c": 17,
    "%vlocity_namespace%__PropertySet__c": {
        "consoleTabLabel": "New",
        "controlWidth": 3,
        "label": "Submit",
        "message": {
        },
        "redirectPageName": "mobileDone",
        "redirectTemplateUrl": "vlcMobileConfirmation.html",
        "show": null,
        "source": "%ContextId%",
        "ssm": false,
        "type": "SObject",
        "validationRequired": "Submit",
        "wpm": false
    },
    "%vlocity_namespace%__ReusableOmniScript__c": false,
    "%vlocity_namespace%__Type__c": "Done Action",
    "Name": "Done",
    "VlocityDataPackType": "SObject",
    "VlocityRecordSObjectType": "%vlocity_namespace%__Element__c",
    "VlocityRecordSourceKey": "%vlocity_namespace%__Element__c/%vlocity_namespace%__OmniScript__c/VPL/Account Change Address/English/Done"
}