{
    "allowSaveForLater": false,
    "autoFocus": false,
    "autoSaveOnStepNext": false,
    "cancelRedirectPageName": "OmniScriptCancelled",
    "cancelRedirectTemplateUrl": "vlcCancelled.html",
    "cancelSource": "%ContextId%",
    "cancelType": "SObject",
    "consoleTabLabel": "New",
    "currencyCode": "",
    "elementTypeToHTMLTemplateMapping": {
    },
    "enableKnowledge": false,
    "knowledgeArticleTypeQueryFieldsMap": {
    },
    "message": {
    },
    "persistentComponent": [
        {
            "id": "vlcCart",
            "itemsKey": "cartItems",
            "label": "",
            "modalConfigurationSetting": {
                "modalController": "ModalProductCtrl",
                "modalHTMLTemplateId": "vlcProductConfig.html",
                "modalSize": "lg"
            },
            "postTransformBundle": "",
            "preTransformBundle": "",
            "remoteClass": "",
            "remoteMethod": "",
            "remoteOptions": {
                "postTransformBundle": "",
                "preTransformBundle": ""
            },
            "remoteTimeout": 30000,
            "render": false,
            "responseJSONNode": "",
            "responseJSONPath": "",
            "sendJSONNode": "",
            "sendJSONPath": ""
        }
    ],
    "saveContentEncoded": false,
    "saveExpireInDays": null,
    "saveForLaterRedirectPageName": "sflRedirect",
    "saveForLaterRedirectTemplateUrl": "vlcSaveForLaterAcknowledge.html",
    "saveNameTemplate": null,
    "saveObjectId": "%ContextId%",
    "saveURLPatterns": {
    },
    "seedDataJSON": {
        "ContextId": "0014600000DLyyT"
    },
    "showInputWidth": false,
    "ssm": false,
    "timeTracking": false,
    "trackingCustomData": {
    },
    "visualforcePagesAvailableInPreview": {
    },
    "wpm": false
}