{
    "%vlocity_namespace%__AdditionalInformation__c": "Account Change Address 101 Lightning Ready",
    "%vlocity_namespace%__Element__c": [
        "VPL_Account-Change-Address_English_Element_AccountEmail.json",
        "VPL_Account-Change-Address_English_Element_AccountName.json",
        "VPL_Account-Change-Address_English_Element_AccountPhone.json",
        "VPL_Account-Change-Address_English_Element_AddressChange.json",
        "VPL_Account-Change-Address_English_Element_BillingShippingSame.json",
        "VPL_Account-Change-Address_English_Element_DRMatchBillingShipping.json",
        "VPL_Account-Change-Address_English_Element_DRMatchShippingBilling.json",
        "VPL_Account-Change-Address_English_Element_DRUpdateBillingAddress.json",
        "VPL_Account-Change-Address_English_Element_DRUpdateShippingAddress.json",
        "VPL_Account-Change-Address_English_Element_DRUpdateShippingAddressFromBilling.json",
        "VPL_Account-Change-Address_English_Element_Done.json",
        "VPL_Account-Change-Address_English_Element_Line-Break-4.json",
        "VPL_Account-Change-Address_English_Element_Line-Break-6.json",
        "VPL_Account-Change-Address_English_Element_LineBreak1.json",
        "VPL_Account-Change-Address_English_Element_LineBreak3.json",
        "VPL_Account-Change-Address_English_Element_MatchBillingShipping.json",
        "VPL_Account-Change-Address_English_Element_MatchShippingBilling.json",
        "VPL_Account-Change-Address_English_Element_ReadAccountAddress.json",
        "VPL_Account-Change-Address_English_Element_SetValues.json",
        "VPL_Account-Change-Address_English_Element_TABillingCity.json",
        "VPL_Account-Change-Address_English_Element_TABillingCountry.json",
        "VPL_Account-Change-Address_English_Element_TABillingState.json",
        "VPL_Account-Change-Address_English_Element_TABillingStreet.json",
        "VPL_Account-Change-Address_English_Element_TABillingZip.json",
        "VPL_Account-Change-Address_English_Element_TAShippingCity.json",
        "VPL_Account-Change-Address_English_Element_TAShippingCountry.json",
        "VPL_Account-Change-Address_English_Element_TAShippingState.json",
        "VPL_Account-Change-Address_English_Element_TAShippingStreet.json",
        "VPL_Account-Change-Address_English_Element_TAShippingZip.json",
        "VPL_Account-Change-Address_English_Element_TxtBillingAddress.json",
        "VPL_Account-Change-Address_English_Element_TxtShippingAddress.json",
        "VPL_Account-Change-Address_English_Element_TxtUpdateComplete.json",
        "VPL_Account-Change-Address_English_Element_TypeAheadBillingAddress.json",
        "VPL_Account-Change-Address_English_Element_TypeAheadShippingAddress.json",
        "VPL_Account-Change-Address_English_Element_UpdateBillingAddress.json",
        "VPL_Account-Change-Address_English_Element_UpdateComplete.json",
        "VPL_Account-Change-Address_English_Element_UpdateShippingAddress.json"
    ],
    "%vlocity_namespace%__IsActive__c": true,
    "%vlocity_namespace%__IsProcedure__c": false,
    "%vlocity_namespace%__IsReusable__c": false,
    "%vlocity_namespace%__Language__c": "English",
    "%vlocity_namespace%__PropertySet__c": "VPL_Account-Change-Address_English_PropertySet.json",
    "%vlocity_namespace%__SubType__c": "Account Change Address",
    "%vlocity_namespace%__Type__c": "VPL",
    "Name": "VPL Account Change Address",
    "VlocityDataPackType": "SObject",
    "VlocityRecordSObjectType": "%vlocity_namespace%__OmniScript__c",
    "VlocityRecordSourceKey": "%vlocity_namespace%__OmniScript__c/VPL/Account Change Address/English"
}