{
    "%vlocity_namespace%__BatchSize__c": 200,
    "%vlocity_namespace%__CheckFieldLevelSecurity__c": false,
    "%vlocity_namespace%__DRMapItem__c": "VPL-UpdateAcctShippingAddrFromBillingAddr-14-1_Mappings.json",
    "%vlocity_namespace%__DRMapName__c": "VPL UpdateAcctShippingAddrFromBillingAddr 14-1",
    "%vlocity_namespace%__DeleteOnSuccess__c": false,
    "%vlocity_namespace%__Description__c": "",
    "%vlocity_namespace%__GlobalKey__c": "",
    "%vlocity_namespace%__IgnoreErrors__c": false,
    "%vlocity_namespace%__InputJson__c": "VPL-UpdateAcctShippingAddrFromBillingAddr-14-1_InputJson.json",
    "%vlocity_namespace%__InputType__c": "",
    "%vlocity_namespace%__InputXml__c": "",
    "%vlocity_namespace%__InterfaceObject__c": "json",
    "%vlocity_namespace%__IsDefaultForInterface__c": false,
    "%vlocity_namespace%__IsProcessSuperBulk__c": false,
    "%vlocity_namespace%__OuboundStagingObjectDataField__c": "",
    "%vlocity_namespace%__OutboundConfigurationField__c": "",
    "%vlocity_namespace%__OutboundConfigurationName__c": "",
    "%vlocity_namespace%__OutboundStagingObjectName__c": "",
    "%vlocity_namespace%__OutputType__c": "",
    "%vlocity_namespace%__OverwriteAllNullValues__c": false,
    "%vlocity_namespace%__PreprocessorClassName__c": "",
    "%vlocity_namespace%__ProcessNowThreshold__c": 0,
    "%vlocity_namespace%__RollbackOnError__c": false,
    "%vlocity_namespace%__SampleInputJSON__c": "",
    "%vlocity_namespace%__SampleInputRows__c": "",
    "%vlocity_namespace%__SampleInputXML__c": "",
    "%vlocity_namespace%__TargetOutDocuSignTemplateId__c": "",
    "%vlocity_namespace%__TargetOutJson__c": "",
    "%vlocity_namespace%__TargetOutPdfDocName__c": "",
    "%vlocity_namespace%__TargetOutXml__c": "",
    "%vlocity_namespace%__Type__c": "Load (JSON)",
    "%vlocity_namespace%__UseAssignmentRules__c": false,
    "Name": "VPL UpdateAcctShippingAddrFromBillingAddr 14-1",
    "VlocityDataPackType": "SObject",
    "VlocityRecordSObjectType": "%vlocity_namespace%__DRBundle__c",
    "VlocityRecordSourceKey": "%vlocity_namespace%__DRBundle__c/VPL UpdateAcctShippingAddrFromBillingAddr 14-1"
}