{
    "ContextId": "001f4000004fmG0",
    "DRId_Asset": "02if4000000ZfOMAA0",
    "ServiceProduct": [
        {
            "ProductCode": "MIS-CoS",
            "ProductDescription": "Custom service with new features tailored to client needs. This product guarantees a level of service per SLA contract specifications.",
            "ProductId": "01tf4000000SO4PAAW",
            "ProductName": "Class of Service",
            "ProductUnitPrice": 250000
        },
        {
            "ProductCode": "SP5",
            "ProductDescription": "Everything Road Runner has to offer. Our signature service plus all our added features.",
            "ProductId": "01tf4000000SO3lAAG",
            "ProductImage": "015f4000000NFkc",
            "ProductName": "Premium Service Plan",
            "ProductUnitPrice": 200000
        },
        {
            "ProductCode": "SP6-CoS",
            "ProductDescription": "Custom service with new features tailored to client needs. This product guarantees a level of service per SLA contract specifications.",
            "ProductId": "01tf4000000SO40AAG",
            "ProductImage": "015f4000000NFkh",
            "ProductName": "Class of Service",
            "ProductUnitPrice": 250000
        },
        {
            "ProductCode": "SP2",
            "ProductDescription": "This is Roadrunner's signature service offering.",
            "ProductId": "01tf4000000SO45AAG",
            "ProductImage": "015f4000000NFkN",
            "ProductName": "Basic Service Plan",
            "ProductUnitPrice": 120000
        },
        {
            "ProductCode": "SP3",
            "ProductDescription": "Road Runner's signature service plus one of our most popular added features.",
            "ProductId": "01tf4000000SO4AAAW",
            "ProductImage": "015f4000000NFkS",
            "ProductName": "Extended Service Plan",
            "ProductUnitPrice": 150000
        },
        {
            "ProductCode": "SP4",
            "ProductDescription": "Road Runner's signature service plus our top three added features.",
            "ProductId": "01tf4000000SO4FAAW",
            "ProductImage": "015f4000000NFkX",
            "ProductName": "Platinum Service Plan",
            "ProductUnitPrice": 175000
        },
        {
            "ProductCode": "SP1",
            "ProductDescription": "For Clients that need to see what Road Runner can do without several key features. The low willingness to pay option.",
            "ProductId": "01tf4000000SO4KAAW",
            "ProductImage": "015f4000000NFkI",
            "ProductName": "Limited Service Plan",
            "ProductUnitPrice": 100000
        }
    ],
    "StepPriceInputs": {
        "NumberOfEmployees": 8765,
        "ZIP": "94063"
    },
    "StepProduct": {
        "OldAsset": [
            {
                "$$hashKey": "object:314",
                "FullPrice": 11401480,
                "Id": "02if4000000ZfOMAA0",
                "Name": "2017 Platinum Service Plan",
                "ProductCode": "SP4",
                "ProductDescription": "Road Runner's signature service plus our top three added features.",
                "ProductImage": "015f4000000NFkX",
                "ProductName": "Platinum Service Plan",
                "vlcSelected": true
            }
        ],
        "Product": [
            {
                "$$hashKey": "object:273",
                "CurrencySymbol": "$",
                "FullPrice": 11530520,
                "ProductCode": "SP4",
                "ProductDescription": "Road Runner's signature service plus our top three added features.",
                "ProductId": "01tf4000000SO4FAAW",
                "ProductImage": "015f4000000NFkX",
                "ProductName": "Platinum Service Plan",
                "WageArea": "San Francisco-Redwood City-South San Francisco, CA Metropolitan Division",
                "vlcSelected": true
            }
        ]
    },
    "error": "OK",
    "id": "a0gf4000000X1K7AAK",
    "layout": "lightning",
    "timeStamp": "2017-11-04T13:57:14.476Z",
    "userId": "005f4000000ZLuFAAW",
    "userName": "student744@ins.edu",
    "userProfile": "System Administrator",
    "vlcPersistentComponent": {
    },
    "vlcTimeTracking": {
        "DRGetOldAssets": 637,
        "DRGetServiceProducts": 370,
        "OmniScriptSessionToken": "aa9ae0c8-de62-4d32-8d30-e1d39600a703",
        "PriceCalculation": 904,
        "Set Values": 1,
        "StepPriceInputs": 14847,
        "StepProduct": 53728
    }
}