{
    "%vlocity_namespace%__AdditionalInformation__c": "Account Change Address 14-1 Lightning Ready",
    "%vlocity_namespace%__Element__c": [
        "Sample_Account-Change-Address_English_Element_AccountFax.json",
        "Sample_Account-Change-Address_English_Element_AccountName.json",
        "Sample_Account-Change-Address_English_Element_AccountPhone.json",
        "Sample_Account-Change-Address_English_Element_AccountPhone.json",
        "Sample_Account-Change-Address_English_Element_AcctEmployeeCount.json",
        "Sample_Account-Change-Address_English_Element_AddressChange.json",
        "Sample_Account-Change-Address_English_Element_BillingAddressWarning.json",
        "Sample_Account-Change-Address_English_Element_BillingShippingSame.json",
        "Sample_Account-Change-Address_English_Element_BlockAcctInfo.json",
        "Sample_Account-Change-Address_English_Element_BlockPriContactInfo.json",
        "Sample_Account-Change-Address_English_Element_ChkBxChngPriContact.json",
        "Sample_Account-Change-Address_English_Element_DRMatchBillingShipping.json",
        "Sample_Account-Change-Address_English_Element_DRMatchShippingBilling.json",
        "Sample_Account-Change-Address_English_Element_DRPrimaryContact.json",
        "Sample_Account-Change-Address_English_Element_DRUpdateAcctData.json",
        "Sample_Account-Change-Address_English_Element_DRUpdateBillingAddress.json",
        "Sample_Account-Change-Address_English_Element_DRUpdateShippingAddress.json",
        "Sample_Account-Change-Address_English_Element_DRUpdateShippingAddressFromBilling.json",
        "Sample_Account-Change-Address_English_Element_Done.json",
        "Sample_Account-Change-Address_English_Element_FormulaValidAddress.json",
        "Sample_Account-Change-Address_English_Element_Line-Break-4.json",
        "Sample_Account-Change-Address_English_Element_Line-Break-6.json",
        "Sample_Account-Change-Address_English_Element_LineBreak1.json",
        "Sample_Account-Change-Address_English_Element_LineBreak3.json",
        "Sample_Account-Change-Address_English_Element_MatchBillingShipping.json",
        "Sample_Account-Change-Address_English_Element_MatchShippingBilling.json",
        "Sample_Account-Change-Address_English_Element_MsgBillingAddressTypeAhead.json",
        "Sample_Account-Change-Address_English_Element_MsgShippingAddressTypeAhead.json",
        "Sample_Account-Change-Address_English_Element_PriContactEmail.json",
        "Sample_Account-Change-Address_English_Element_PriContactName.json",
        "Sample_Account-Change-Address_English_Element_ReadAccountAddress.json",
        "Sample_Account-Change-Address_English_Element_ReadNewAccountAddress.json",
        "Sample_Account-Change-Address_English_Element_SetErrorsPrimaryContact.json",
        "Sample_Account-Change-Address_English_Element_SetErrorsValidAddress.json",
        "Sample_Account-Change-Address_English_Element_SetValues.json",
        "Sample_Account-Change-Address_English_Element_StepAddressValidation.json",
        "Sample_Account-Change-Address_English_Element_TABillingCity.json",
        "Sample_Account-Change-Address_English_Element_TABillingCountry.json",
        "Sample_Account-Change-Address_English_Element_TABillingState.json",
        "Sample_Account-Change-Address_English_Element_TABillingStreet.json",
        "Sample_Account-Change-Address_English_Element_TABillingZip.json",
        "Sample_Account-Change-Address_English_Element_TAShippingCity.json",
        "Sample_Account-Change-Address_English_Element_TAShippingCountry.json",
        "Sample_Account-Change-Address_English_Element_TAShippingState.json",
        "Sample_Account-Change-Address_English_Element_TAShippingStreet.json",
        "Sample_Account-Change-Address_English_Element_TAShippingZip.json",
        "Sample_Account-Change-Address_English_Element_TxtBillingAddress.json",
        "Sample_Account-Change-Address_English_Element_TxtNewAddress.json",
        "Sample_Account-Change-Address_English_Element_TxtShippingAddress.json",
        "Sample_Account-Change-Address_English_Element_TxtUpdateComplete.json",
        "Sample_Account-Change-Address_English_Element_TypeAheadBillingAddress.json",
        "Sample_Account-Change-Address_English_Element_TypeAheadPriContact.json",
        "Sample_Account-Change-Address_English_Element_TypeAheadShippingAddress.json",
        "Sample_Account-Change-Address_English_Element_UpdateBillingAddress.json",
        "Sample_Account-Change-Address_English_Element_UpdateComplete.json",
        "Sample_Account-Change-Address_English_Element_UpdateShippingAddress.json"
    ],
    "%vlocity_namespace%__IsActive__c": true,
    "%vlocity_namespace%__IsProcedure__c": false,
    "%vlocity_namespace%__IsReusable__c": false,
    "%vlocity_namespace%__Language__c": "English",
    "%vlocity_namespace%__PropertySet__c": "Sample_Account-Change-Address_English_PropertySet.json",
    "%vlocity_namespace%__SubType__c": "Account Change Address",
    "%vlocity_namespace%__Type__c": "Sample",
    "Name": "SAMPLE VPL Account Change Address",
    "VlocityDataPackType": "SObject",
    "VlocityRecordSObjectType": "%vlocity_namespace%__OmniScript__c",
    "VlocityRecordSourceKey": "%vlocity_namespace%__OmniScript__c/Sample/Account Change Address/English"
}