{
    "%vlocity_namespace%__Active__c": true,
    "%vlocity_namespace%__Level__c": 1,
    "%vlocity_namespace%__OmniScriptId__c": {
        "Name": "SAMPLE VPL Account Change Address",
        "VlocityDataPackType": "VlocityMatchingKeyObject",
        "VlocityMatchingRecordSourceKey": "%vlocity_namespace%__OmniScript__c/Sample/Account Change Address/English",
        "VlocityRecordSObjectType": "%vlocity_namespace%__OmniScript__c"
    },
    "%vlocity_namespace%__Order__c": 18,
    "%vlocity_namespace%__ParentElementId__c": {
        "%vlocity_namespace%__OmniScriptId__c": "%vlocity_namespace%__OmniScript__c/Sample/Account Change Address/English",
        "Name": "AddressChange",
        "VlocityDataPackType": "VlocityMatchingKeyObject",
        "VlocityMatchingRecordSourceKey": "%vlocity_namespace%__Element__c/%vlocity_namespace%__OmniScript__c/Sample/Account Change Address/English/AddressChange",
        "VlocityRecordSObjectType": "%vlocity_namespace%__Element__c"
    },
    "%vlocity_namespace%__ParentElementName__c": "AddressChange",
    "%vlocity_namespace%__ParentElementType__c": "Step",
    "%vlocity_namespace%__PropertySet__c": {
        "accessibleInFutureSteps": false,
        "checkLabel": "Update Shipping Address?",
        "conditionType": "Hide if False",
        "controlWidth": 4,
        "help": false,
        "hide": false,
        "label": null,
        "readOnly": false,
        "repeat": false,
        "repeatClone": false,
        "required": false,
        "show": {
            "group": {
                "operator": "AND",
                "rules": [
                    {
                        "condition": "<>",
                        "data": "true",
                        "field": "BillingShippingSame"
                    },
                    {
                        "condition": "<>",
                        "data": "true",
                        "field": "MatchMailingShipping"
                    },
                    {
                        "condition": "<>",
                        "data": "true",
                        "field": "MatchBillingShipping"
                    },
                    {
                        "condition": "<>",
                        "data": "true",
                        "field": "MatchShippingMailing"
                    },
                    {
                        "condition": "<>",
                        "data": "true",
                        "field": "MatchShippingBilling"
                    }
                ]
            }
        }
    },
    "%vlocity_namespace%__ReusableOmniScript__c": false,
    "%vlocity_namespace%__Type__c": "Checkbox",
    "Name": "UpdateShippingAddress",
    "VlocityDataPackType": "SObject",
    "VlocityRecordSObjectType": "%vlocity_namespace%__Element__c",
    "VlocityRecordSourceKey": "%vlocity_namespace%__Element__c/%vlocity_namespace%__OmniScript__c/Sample/Account Change Address/English/UpdateShippingAddress"
}