{
    "%vlocity_namespace%__Active__c": true,
    "%vlocity_namespace%__Level__c": 2,
    "%vlocity_namespace%__OmniScriptId__c": {
        "Name": "SAMPLE VPL Account Change Address",
        "VlocityDataPackType": "VlocityMatchingKeyObject",
        "VlocityMatchingRecordSourceKey": "%vlocity_namespace%__OmniScript__c/Sample/Account Change Address/English",
        "VlocityRecordSObjectType": "%vlocity_namespace%__OmniScript__c"
    },
    "%vlocity_namespace%__Order__c": 1,
    "%vlocity_namespace%__ParentElementId__c": {
        "%vlocity_namespace%__OmniScriptId__c": "%vlocity_namespace%__OmniScript__c/Sample/Account Change Address/English",
        "Name": "TypeAheadPriContact",
        "VlocityDataPackType": "VlocityMatchingKeyObject",
        "VlocityMatchingRecordSourceKey": "%vlocity_namespace%__Element__c/%vlocity_namespace%__OmniScript__c/Sample/Account Change Address/English/TypeAheadPriContact",
        "VlocityRecordSObjectType": "%vlocity_namespace%__Element__c"
    },
    "%vlocity_namespace%__ParentElementName__c": "TypeAheadPriContact",
    "%vlocity_namespace%__ParentElementType__c": "Type Ahead Block",
    "%vlocity_namespace%__PropertySet__c": {
        "HTMLTemplateId": "",
        "bundle": "TRNGTypeAhead",
        "controlWidth": 12,
        "dataRaptor Input Parameters": [
            {
                "element": "ContextId",
                "inputParam": "Id"
            },
            {
                "element": "TypeAheadPriContact",
                "inputParam": "Key"
            }
        ],
        "failureAbortLabel": "Abort",
        "failureAbortMessage": "Are you sure?",
        "failureNextLabel": "Continue",
        "inProgressMessage": "In Progress",
        "label": null,
        "message": {
        },
        "postMessage": "Done",
        "redirectNextLabel": "Next",
        "redirectNextWidth": 3,
        "redirectPageName": "",
        "redirectPreviousLabel": "Previous",
        "redirectPreviousWidth": 3,
        "redirectTemplateUrl": "vlcAcknowledge.html",
        "remoteTimeout": 30000,
        "responseJSONNode": "",
        "responseJSONPath": "",
        "show": null,
        "showPersistentComponent": [
            false
        ],
        "ssm": false,
        "validationRequired": "Step",
        "wpm": false
    },
    "%vlocity_namespace%__ReusableOmniScript__c": false,
    "%vlocity_namespace%__Type__c": "DataRaptor Extract Action",
    "Name": "DRPrimaryContact",
    "VlocityDataPackType": "SObject",
    "VlocityRecordSObjectType": "%vlocity_namespace%__Element__c",
    "VlocityRecordSourceKey": "%vlocity_namespace%__Element__c/%vlocity_namespace%__OmniScript__c/Sample/Account Change Address/English/DRPrimaryContact"
}