{
    "%vlocity_namespace%__Active__c": true,
    "%vlocity_namespace%__InternalNotes__c": "Lisa Parker- 0013600000RZIRr",
    "%vlocity_namespace%__Level__c": 0,
    "%vlocity_namespace%__OmniScriptId__c": {
        "Name": "SAMPLE VPL Account Change Address",
        "VlocityDataPackType": "VlocityMatchingKeyObject",
        "VlocityMatchingRecordSourceKey": "%vlocity_namespace%__OmniScript__c/Sample/Account Change Address/English",
        "VlocityRecordSObjectType": "%vlocity_namespace%__OmniScript__c"
    },
    "%vlocity_namespace%__Order__c": 13,
    "%vlocity_namespace%__PropertySet__c": {
        "HTMLTemplateId": "",
        "bundle": "SAMPLE_ReadAccountAddress",
        "controlWidth": 12,
        "dataRaptor Input Parameters": [
            {
                "element": "ContextId",
                "inputParam": "Id"
            }
        ],
        "failureAbortLabel": "Abort",
        "failureAbortMessage": "Are you sure?",
        "failureNextLabel": "Continue",
        "inProgressMessage": "In Progress",
        "label": "Read Updated Account Information",
        "message": {
        },
        "postMessage": "Done",
        "redirectNextLabel": "Next",
        "redirectNextWidth": 3,
        "redirectPageName": "",
        "redirectPreviousLabel": "Previous",
        "redirectPreviousWidth": 3,
        "redirectTemplateUrl": "vlcAcknowledge.html",
        "remoteTimeout": 30000,
        "responseJSONNode": "",
        "responseJSONPath": "",
        "show": null,
        "showPersistentComponent": [
            true
        ],
        "ssm": false,
        "validationRequired": "None",
        "wpm": false
    },
    "%vlocity_namespace%__ReusableOmniScript__c": false,
    "%vlocity_namespace%__Type__c": "DataRaptor Extract Action",
    "Name": "ReadNewAccountAddress",
    "VlocityDataPackType": "SObject",
    "VlocityRecordSObjectType": "%vlocity_namespace%__Element__c",
    "VlocityRecordSourceKey": "%vlocity_namespace%__Element__c/%vlocity_namespace%__OmniScript__c/Sample/Account Change Address/English/ReadNewAccountAddress"
}