[
    {
        "%vlocity_namespace%__DomainObjectAPIName__c": "Account",
        "%vlocity_namespace%__DomainObjectCreationOrder__c": 1,
        "%vlocity_namespace%__DomainObjectFieldAPIName__c": "BillingCity",
        "%vlocity_namespace%__InterfaceFieldAPIName__c": "AddressChange:TypeAheadBillingAddress-Block:TABillingCity",
        "%vlocity_namespace%__InterfaceObjectName__c": "json",
        "%vlocity_namespace%__IsDisabled__c": false,
        "%vlocity_namespace%__IsRequiredForUpsert__c": false,
        "%vlocity_namespace%__LinkCreatedIndex__c": 0,
        "%vlocity_namespace%__MapId__c": "VPL UpdateAccountBillingAddress 14-1Customa0J41000000fXG7EAMItem0",
        "%vlocity_namespace%__UpsertKey__c": false,
        "Name": "VPL UpdateAcctBillingAddress 14-1",
        "VlocityDataPackType": "SObject",
        "VlocityRecordSObjectType": "%vlocity_namespace%__DRMapItem__c"
    },
    {
        "%vlocity_namespace%__DomainObjectAPIName__c": "Account",
        "%vlocity_namespace%__DomainObjectCreationOrder__c": 1,
        "%vlocity_namespace%__DomainObjectFieldAPIName__c": "BillingCountry",
        "%vlocity_namespace%__InterfaceFieldAPIName__c": "AddressChange:TypeAheadBillingAddress-Block:TABillingCountry",
        "%vlocity_namespace%__InterfaceObjectName__c": "json",
        "%vlocity_namespace%__IsDisabled__c": false,
        "%vlocity_namespace%__IsRequiredForUpsert__c": false,
        "%vlocity_namespace%__LinkCreatedIndex__c": 0,
        "%vlocity_namespace%__MapId__c": "VPL UpdateAccountBillingAddress 14-1Customa0J41000000fXG7EAMItem1",
        "%vlocity_namespace%__UpsertKey__c": false,
        "Name": "VPL UpdateAcctBillingAddress 14-1",
        "VlocityDataPackType": "SObject",
        "VlocityRecordSObjectType": "%vlocity_namespace%__DRMapItem__c"
    },
    {
        "%vlocity_namespace%__DomainObjectAPIName__c": "Account",
        "%vlocity_namespace%__DomainObjectCreationOrder__c": 1,
        "%vlocity_namespace%__DomainObjectFieldAPIName__c": "BillingPostalCode",
        "%vlocity_namespace%__InterfaceFieldAPIName__c": "AddressChange:TypeAheadBillingAddress-Block:TABillingZip",
        "%vlocity_namespace%__InterfaceObjectName__c": "json",
        "%vlocity_namespace%__IsDisabled__c": false,
        "%vlocity_namespace%__IsRequiredForUpsert__c": false,
        "%vlocity_namespace%__LinkCreatedIndex__c": 0,
        "%vlocity_namespace%__MapId__c": "VPL UpdateAccountBillingAddress 14-1Customa0J41000000fXG7EAMItem4",
        "%vlocity_namespace%__UpsertKey__c": false,
        "Name": "VPL UpdateAcctBillingAddress 14-1",
        "VlocityDataPackType": "SObject",
        "VlocityRecordSObjectType": "%vlocity_namespace%__DRMapItem__c"
    },
    {
        "%vlocity_namespace%__DomainObjectAPIName__c": "Account",
        "%vlocity_namespace%__DomainObjectCreationOrder__c": 1,
        "%vlocity_namespace%__DomainObjectFieldAPIName__c": "BillingState",
        "%vlocity_namespace%__InterfaceFieldAPIName__c": "AddressChange:TypeAheadBillingAddress-Block:TABillingState",
        "%vlocity_namespace%__InterfaceObjectName__c": "json",
        "%vlocity_namespace%__IsDisabled__c": false,
        "%vlocity_namespace%__IsRequiredForUpsert__c": false,
        "%vlocity_namespace%__LinkCreatedIndex__c": 0,
        "%vlocity_namespace%__MapId__c": "VPL UpdateAccountBillingAddress 14-1Customa0J41000000fXG7EAMItem2",
        "%vlocity_namespace%__UpsertKey__c": false,
        "Name": "VPL UpdateAcctBillingAddress 14-1",
        "VlocityDataPackType": "SObject",
        "VlocityRecordSObjectType": "%vlocity_namespace%__DRMapItem__c"
    },
    {
        "%vlocity_namespace%__DomainObjectAPIName__c": "Account",
        "%vlocity_namespace%__DomainObjectCreationOrder__c": 1,
        "%vlocity_namespace%__DomainObjectFieldAPIName__c": "BillingStreet",
        "%vlocity_namespace%__InterfaceFieldAPIName__c": "AddressChange:TypeAheadBillingAddress-Block:TABillingStreet",
        "%vlocity_namespace%__InterfaceObjectName__c": "json",
        "%vlocity_namespace%__IsDisabled__c": false,
        "%vlocity_namespace%__IsRequiredForUpsert__c": false,
        "%vlocity_namespace%__LinkCreatedIndex__c": 0,
        "%vlocity_namespace%__MapId__c": "VPL UpdateAccountBillingAddress 14-1Customa0J41000000fXG7EAMItem3",
        "%vlocity_namespace%__UpsertKey__c": false,
        "Name": "VPL UpdateAcctBillingAddress 14-1",
        "VlocityDataPackType": "SObject",
        "VlocityRecordSObjectType": "%vlocity_namespace%__DRMapItem__c"
    },
    {
        "%vlocity_namespace%__DomainObjectAPIName__c": "Account",
        "%vlocity_namespace%__DomainObjectCreationOrder__c": 1,
        "%vlocity_namespace%__DomainObjectFieldAPIName__c": "Id",
        "%vlocity_namespace%__InterfaceFieldAPIName__c": "ContextId",
        "%vlocity_namespace%__InterfaceObjectName__c": "json",
        "%vlocity_namespace%__IsDisabled__c": false,
        "%vlocity_namespace%__IsRequiredForUpsert__c": false,
        "%vlocity_namespace%__LinkCreatedIndex__c": 0,
        "%vlocity_namespace%__MapId__c": "VPL UpdateAccountBillingAddress 14-1Customa0J41000000fXG7EAMItem5",
        "%vlocity_namespace%__UpsertKey__c": true,
        "Name": "VPL UpdateAcctBillingAddress 14-1",
        "VlocityDataPackType": "SObject",
        "VlocityRecordSObjectType": "%vlocity_namespace%__DRMapItem__c"
    }
]